table_name,row_count,column_count,csv_file
ACC_PFLINK,23,6,ACC_PFLINK.csv
ACMA1,128,19,ACMA1.csv
ACMA2,0,19,ACMA2.csv
ACMA4,0,19,ACMA4.csv
ACMA5,0,19,ACMA5.csv
ACMAC1,2366,19,ACMAC1.csv
ASUBTYP,771,4,ASUBTYP.csv
AcLEdgerMappings1,82,6,AcLEdgerMappings1.csv
BS1,14860,22,BS1.csv
BS2,0,22,BS2.csv
BS4,0,22,BS4.csv
BS5,0,22,BS5.csv
BSEXT,0,12,BSEXT.csv
Clients,1,14,Clients.csv
CloudMsg,1,1,CloudMsg.csv
DIFF_DB,19,8,DIFF_DB.csv
ExternalSources,0,6,ExternalSources.csv
GenrAddInfo1,60,11,GenrAddInfo1.csv
GenrAddInfo2,0,11,GenrAddInfo2.csv
GenrAddInfo4,0,11,GenrAddInfo4.csv
GenrAddInfo5,0,11,GenrAddInfo5.csv
IMP_MACRO1,55,10,IMP_MACRO1.csv
ImportedData1,2069,14,ImportedData1.csv
InsuranceAddInfo1,0,16,InsuranceAddInfo1.csv
InsuranceAddInfo2,0,16,InsuranceAddInfo2.csv
InsuranceAddInfo4,0,16,InsuranceAddInfo4.csv
InsuranceAddInfo5,0,16,InsuranceAddInfo5.csv
InvestorGroupMembers,32,4,InvestorGroupMembers.csv
MPrNameValueTable,5,2,MPrNameValueTable.csv
MPrices,3656,5,MPrices.csv
Mappings,1515,8,Mappings.csv
MessageBoard,0,8,MessageBoard.csv
Narrs,2,3,Narrs.csv
OptionsTable,42,7,OptionsTable.csv
PFolioMapping,216,8,PFolioMapping.csv
PFolioSettings,64,6,PFolioSettings.csv
Portfolios,35,17,Portfolios.csv
Reminders,22,13,Reminders.csv
SACM,9,8,SACM.csv
SAM,755,9,SAM.csv
SCNOTE1,4005,16,SCNOTE1.csv
SCNOTE2,0,16,SCNOTE2.csv
SCNOTE4,0,16,SCNOTE4.csv
SCNOTE5,0,16,SCNOTE5.csv
SettingsNew,72,4,SettingsNew.csv
SumTable,2636,21,SumTable.csv
THREE_IDS,3,4,THREE_IDS.csv
TemplateHeader,15,20,TemplateHeader.csv
Trans1,17912,11,Trans1.csv
TransC1,19082,11,TransC1.csv
TransC2,0,11,TransC2.csv
UnSignalledBuySellTrans,1,3,UnSignalledBuySellTrans.csv
Users,1,4,Users.csv
UsrCategAssign,1,4,UsrCategAssign.csv
Vouchers1,8796,14,Vouchers1.csv
VouchersC1,6960,14,VouchersC1.csv
VouchersC2,0,14,VouchersC2.csv
