PFID,EXTID,ACID,IsOpBalToBeReCalc,ActionFlag,ClientID
4,-1,30,0,:N0::N0::N0::N0::N0::N0::N0::N0::N0::N0::N0::N0::N0::N0::N0::N0:,1
9,-1,30,0,:N0::N0::N0::N0::N0::N0::N0::N0::N0::N0::N0::N0::N0::N0:,1
7,-1,30,0,:N0::N0::N0::N0::N0::N0::N0::N0::N0::N0::N0::N0::N0::N0:,1
8,-1,30,0,:N0::N0::N0::N0::N0::N0::N0::N0::N0::N0::N0::N0::N0::N0:,1
1,-1,31,0,:N0::N0::N0::N0::N0::N0::N0::N0::N0::N0::N0:,1
13,-1,31,0,:N0::N0::N0::N0::N0::N0::N0::N0::N0:,1
11,-1,31,0,:N0::N0::N0::N0::N0::N0::N0::N0::N0:,1
12,-1,31,0,:N0::N0::N0::N0::N0::N0::N0::N0::N0:,1
2,-1,29,0,:N0::N0::N0::N0::N0::N0::N0::N0::N0::N0::N0::N0::N0::N0::N0::N0::N0::N0::N0::N0:,1
17,-1,29,0,:N0::N0::N0::N0::N0::N0::N0::N0::N0::N0::N0::N0::N0::N0:,1
14,-1,29,0,:N0::N0::N0::N0::N0::N0::N0::N0::N0::N0::N0::N0::N0::N0:,1
15,-1,29,0,:N0::N0::N0::N0::N0::N0::N0::N0::N0::N0::N0::N0::N0::N0:,1
34,-1,32,0,:N0:,1
35,-1,32,0,,1
37,-1,36,0,,1
39,-1,29,0,:N0::N0::N0::N0::N0::N0::N0::N0::N0::N0::N0:,1
38,-1,31,0,:N0::N0::N0::N0::N0::N0::N0::N0:,1
40,-1,36,0,,1
41,-1,36,0,,1
42,-1,32,0,,1
64,-1,61,0,,1
66,-1,30,0,:N0:,1
67,-1,62,0,,1
