TemplateID,KeyString,CompareType,ACID,MAID,EXTID
92000,fastag autotopup- -,0,-1,621,-5
92000,mb:to printers,0,31,38,-2
92000,mb:to print k,0,31,38,-2
92000,pg swifgy,0,-1,621,-5
92000,received from mynt xx imps hsb,0,-1,621,-5
92000,ap:billpay for miraeassetmf,0,31,501715,-1
92000,pg can robecco,0,36,501736,-1
92000,ap:billpay for miraeassetmf,0,36,501683,-1
92000,ap:billpay for canararobecomf,0,36,501736,-1
92000,ap:billpay for miraeassetmf,0,30,501104,-1
92000,atw//+dr. a. b. roadworlimumbaim/:,0,-1,205,-5
92000,pg mf parag parikh,0,30,501744,-1
92000,pg canara robecco,0,30,501735,-1
92000,kspayout,0,30,100006,-1
92000,nach-ecs-cr-shcil_int tax bonds-inttbshc,0,-1,401,-5
92000,mb:rk glo,0,30,100001,-1
92000,{!INT.PD:~2012066081,2,-1,407,-5
92000,{!PACK~PACKAGING,2,29,16,-2
92000,{!PACKAGING~PACK,2,29,16,-2
92000,kotak fastag ihmclkbdcebdb //,0,-1,621,-5
92000,kotak fastag ihmclkbfcaece //,0,-1,621,-5
92000,kotak fastagihmcl~kbbaaba~//,0,-1,621,-5
92000,upi/shrimadrajchan//cafeteria,0,-1,621,-5
92000,mb:rkg ik,0,30,100001,-1
92000,{!IK2408~RKG,2,30,100001,-1
92000,{!RKG~IK2408~IK,3,30,100001,-1
92000,{!UPPCL~BOND,2,-1,401,-5
92000,{!FASTAG~IHMCL,2,-1,621,-5
92000,{!MYNTRA~MYNTRADES,2,-1,621,-5
92000,{!R K GLOBAL~RKG,2,31,100001,-1
92000,{!PRINT~TO PRINT,2,31,38,-2
92000,{!FLIPKART~FLIP,2,-1,621,-5
92000,{!MYNTRA~VAIBHAVJANARDH,2,-1,621,-5
92000,{!RANGOLI~RANGOLI RESTRO,2,-1,621,-5
92000,{!KOTAK FASTAG~KOTAK FASTAG,2,-1,621,-5
92000,{!PRINTERS~CREATIVE PRINTERS,2,31,38,-2
92000,{!MYNTRA~MYNTRA,2,-1,621,-5
92000,{!MIRAE ASSET~MIRAE ASSET,2,30,100008,-1
92000,{!CREATIVEPRINTERS~RECEIVED,2,31,38,-2
92000,{!RKGLOBAL~RKG,2,31,100001,-1
92000,{!CRED~CREDCLUB,2,-1,621,-5
92000,{!MSTOCK~RAZORPAY,2,30,100008,-1
92000,{!PRAMESH SHAH HUF~HUF,2,30,45,-2
92000,{!MIRAE ASSET~UPI,2,36,100008,-1
92000,{!IRCTC~UPI,2,-1,621,-5
87540,{!PRAMESH~RAJENDRA,2,32,70,-2
87540,{!RKGLOBAL~PG,2,32,100001,-1
87540,{!CREATIVE~ENTERPRISE,2,32,69,-2
92205,{!ZERODHA~BROKING,2,29,100007,-1
92205,{!MONTHLY SAVINGS~INTEREST,2,-1,407,-5
92205,{!ZERODHA~ATOM,2,29,100007,-1
92000,{!CRED~CREDPAY,2,-1,621,-5
92000,{!CREATIVE~CREATIVEPACKAGING,2,29,16,-2
92000,{!SAAHIL~SPS,2,30,43,-2
92000,{!UNNATI~UPS,2,31,31,-2
92000,{!UNNATI~RECEIVED,2,31,31,-2
92000,{!PRAMESH~RECEIVED,2,31,30,-2
92000,{!KRISHA~SENT,2,31,103,-2
92000,{!UPS~UNNATI,2,31,31,-2
92000,{!UTI~NEFT,2,62,145,-2
92000,{!EDELWEISS~NEFT,2,62,145,-2
92000,{!J M MUTUAL~NEFT,2,62,145,-2
92000,{!DSP~NEFT,2,62,145,-2
92000,{!ICICI~NEFT,2,62,145,-2
92000,{!MOTILAL~NEFT,2,62,145,-2
92000,{!QUANT~NEFT,2,62,145,-2
92000,{!IIFL~NEFT,2,62,145,-2
92000,{!BANDHAN~NEFT,2,62,145,-2
92000,{!NIPPON~NEFT,2,62,145,-2
92000,{!INT.~PD,2,-1,407,-5
92000,{!TMF~NEFT,2,62,145,-2
92000,{!INVESCO~NEFT,2,62,145,-2
94965,{!CREATIVE PRINTERS~PRINT K,2,31,38,-2
94965,{!CREATIVE~PRINTERS,2,31,38,-2
94965,{!1912581915~UPS,2,31,31,-2
94965,{!2012066081~PRS,2,31,30,-2
94965,{!JIO~JIOPX7845,2,31,141,-2
94965,{!FASTAG~FASTAGIHMCL,2,-1,621,-5
94965,{!RKG~RKGLOBAL,2,31,100001,-1
94965,{!RKGLOBAL~SHARE,2,31,100001,-1
94965,{!RK GLOBAL~SHARE,2,31,100001,-1
94965,{!PRAMESH RAJENDRA~PRS,2,31,30,-2
