ID,EXTID,PARENT_ID,PARENT_EXTID,IS_GROUP,NAME,DISP_SEQNO,Descr,Flags,ACID,CLID,IsItLedger,SpecialTypeID,CR_BAL,DB_BAL,TreeNode,Addr,PAN,ADDINFO
11,-2,60,-5,0,HDFC Bank (A/c. No. - 00801000031785),0,,0,29,1,0,40,0.0,0.0,,,,
13,-2,60,-5,0,Kotak Bank (A/c. No. - 1912581915),0,,0,29,1,0,40,0.0,0.0,,,,
14,-2,1,-5,0,Pramesh R Shah,0,,,29,1,0,250,0.0,0.0,,,,
16,-2,2,-5,0,Creative Packaging,0,,,29,1,0,150,0.0,0.0,,,,
17,-2,60,-5,0,DBS Bank (A/c. No. -  881029233939),0,,0,29,1,0,40,0.0,0.0,,,,
18,-2,1,-5,0,Saahil Shah,0,,,29,1,0,250,0.0,0.0,,,,
19,-2,160,-5,0,Income Tax,0,,,29,1,0,290,0.0,0.0,,,,
21,-2,155,-5,0,Gift,0,,,-1,1,0,280,0.0,0.0,,,,
26,-2,60,-5,0,BOM UPS,0,,,29,1,0,40,0.0,0.0,,,,
27,-2,50,-5,0,OLD Shares,0,,65536,29,1,0,150,0.0,0.0,,,,
28,-2,60,-5,0,HDFC Bank (A/c No. - 00801000031775),0,,,30,1,0,40,0.0,0.0,,,,
29,-2,60,-5,0,HDFC Bank (A/c. No. - 00201000054356),0,,0,31,1,0,40,0.0,0.0,,,,
30,-2,1,-5,0,Pramesh Shah,0,,,31,1,0,250,0.0,0.0,,,,
31,-2,1,-5,0,Unnati Shah,0,,,31,1,0,250,0.0,0.0,,,,
32,-2,60,-5,0,Kotak Bank (A/c. No. - 1712151141),0,,0,31,1,0,40,0.0,0.0,,,,
35,-2,60,-5,0,BOM,0,,,31,1,0,40,0.0,0.0,,,,
36,-2,90,-5,0,KARVY Broker,0,,,31,1,0,125,0.0,0.0,,,,
37,-2,160,-5,0,Income Tax,0,,,31,1,0,290,0.0,0.0,,,,
38,-2,2,-5,0,Creative Printers,0,,,31,1,0,150,0.0,0.0,,,,
39,-2,50,-5,0,Mutual Fund,0,,0,31,1,0,150,0.0,0.0,,,,
41,-2,50,-5,0,Shares,0,,0,31,1,0,150,0.0,0.0,,,,
43,-2,1,-5,0,Saahil Shah,0,,,30,1,0,250,0.0,0.0,,,,
44,-2,1,-5,0,Unnati Shah,0,,,30,1,0,250,0.0,0.0,,,,
45,-2,1,-5,0,Pramesh Shah (HUF),0,,0,30,1,0,250,0.0,0.0,,,,
48,-2,60,-5,0,Kotak Bank (A/c No. - 2012066081),0,,0,30,1,0,40,0.0,0.0,,,,
49,-2,60,-5,0,BOM Locker,0,,,30,1,0,40,0.0,0.0,,,,
50,-2,60,-5,0,BOM,0,,,30,1,0,40,0.0,0.0,,,,
51,-2,50,-5,0,FD HDFC,0,,65536,30,1,0,150,0.0,0.0,,,,
52,-2,2,-5,0,Jewellery,0,,65536,-1,1,0,150,0.0,0.0,,,,
53,-2,90,-5,0,Karvy Broker,0,,,30,1,0,125,0.0,0.0,,,,
54,-2,50,-5,0,Mutual Fund,0,,65536,30,1,0,150,0.0,0.0,,,,
55,-2,50,-5,0,PPF,0,,65536,30,1,0,150,0.0,0.0,,,,
56,-2,90,-5,0,RR Broker,0,,,30,1,0,125,0.0,0.0,,,,
57,-2,2,-5,0,Manifold Graphics,0,,,30,1,0,150,0.0,0.0,,,,
58,-2,155,-5,0,Interest on FD,0,,,-1,1,0,280,0.0,0.0,,,,
59,-2,155,-5,0,GIFT,0,,,30,1,0,280,0.0,0.0,,,,
60,-2,160,-5,0,Income Tax,0,,,30,1,0,290,0.0,0.0,,,,
61,-2,50,-5,0,Shares,0,,65536,30,1,0,150,0.0,0.0,,,,
62,-2,50,-5,0,NCD Bonds,0,,65536,30,1,0,150,0.0,0.0,,,,
63,-2,1,-5,0,Creative Enterprise,0,,0,30,1,0,250,0.0,0.0,,,,
65,-2,45,-5,0,House,0,,,30,1,0,150,0.0,0.0,,,,
66,-2,50,-5,0,OLD Shares,0,,65536,30,1,0,150,0.0,0.0,,,,
67,-2,160,-5,0,Prepaid Mediclaim,0,,65536,30,1,0,290,0.0,0.0,,,,
68,-2,60,-5,0,IOB Bank (A/c. No. - 020501000023127),0,,0,32,1,0,40,0.0,0.0,,,,
69,-2,2,-5,0,Creative Enterprise,0,,0,32,1,0,150,0.0,0.0,,,,
70,-2,1,-5,0,Pramesh Shah,0,,,32,1,0,250,0.0,0.0,,,,
71,-2,60,-5,0,Kotak Bank (A/c. No. - 5013113969),0,,0,32,1,0,40,0.0,0.0,,,,
72,-2,2,-5,0,Dharampur House Deposit,0,,0,-1,1,0,150,0.0,0.0,,,,
73,-2,160,-5,0,Travel Expense,0,,,31,1,0,290,0.0,0.0,,,,
74,-2,160,-5,0,DP and other expenses Broker,0,,,30,1,0,290,0.0,0.0,,,,
75,-2,60,-5,0,SBI Bank,0,,,29,1,0,40,0.0,0.0,,,,
76,-2,60,-5,0,SBI Bank (A/c. No. - 39223253916),0,,0,31,1,0,40,0.0,0.0,,,,
77,-2,1,-5,0,Pramesh Shah HUF,0,,0,31,1,0,250,0.0,0.0,,,,
78,-2,60,-5,0,SBI,0,,,29,1,0,40,0.0,0.0,,,,
79,-2,60,-5,0,SBI Bank (A/c. No. - 39223256906),0,,0,29,1,0,40,0.0,0.0,,,,
80,-2,60,-5,0,SBI Bank (A/c No. - 39223255696),0,,0,30,1,0,40,0.0,0.0,,,,
82,-2,50,-5,0,FD,0,,,29,1,0,150,0.0,0.0,,,,
83,-2,160,-5,0,DP and other expenses Broker,0,,,31,1,0,290,0.0,0.0,,,,
84,-2,160,-5,0,DP and other expenses Broker,0,,,29,1,0,290,0.0,0.0,,,,
85,-2,160,-5,0,DP and other expenses Broker,0,,,32,1,0,290,0.0,0.0,,,,
86,-2,155,-5,0,INCOME FROM CREATIVE PRINTERS,0,,,31,1,0,280,0.0,0.0,,,,
87,-2,155,-5,0,Income from Creative Packaging,0,,0,29,1,0,280,0.0,0.0,,,,
88,-2,155,-5,0,Income from Creative Enterprise,0,,,32,1,0,280,0.0,0.0,,,,
90,-2,1,-5,0,Saahil Shah,0,,,32,1,0,250,0.0,0.0,,,,
91,-2,155,-5,0,Commission Income,0,,,30,1,0,280,0.0,0.0,,,,
92,-2,160,-5,0,Mediclaim,0,,,-1,1,0,290,0.0,0.0,,,,
93,-2,1,-5,0,Pramesh Shah HUF,0,,0,29,1,0,250,0.0,0.0,,,,
94,-2,1,-5,0,Unnati Shah,0,,0,32,1,0,250,0.0,0.0,,,,
95,-2,60,-5,0,IDFC BANK (A/c. No. 10055506177),0,,0,31,1,0,40,0.0,0.0,,,,
96,-2,60,-5,0,IDFC BANK (A/c. No. - 10055495198),0,,,30,1,0,40,0.0,0.0,,,,
97,-2,60,-5,0,IDFC BANK (A/c. No. - 10055495438),0,,,29,1,0,40,0.0,0.0,,,,
98,-2,160,-5,0,Income Tax,0,,,32,1,0,290,0.0,0.0,,,,
99,-2,55,-5,0,Creative Printers,0,,,30,1,0,150,0.0,0.0,,,,
100,-2,160,-5,0,Advance Income Tax,0,,,30,1,0,290,0.0,0.0,,,,
101,-2,60,-5,0,Kotak Bank (A/c. No. 6945111207),0,,,36,1,0,40,0.0,0.0,,,,
102,-2,60,-5,0,IDFC Bank (A/c. No. 10066812526),0,,,36,1,0,40,0.0,0.0,,,,
103,-2,1,-5,0,Krisha Shah,0,,0,-1,1,0,250,0.0,0.0,,,,
104,-2,60,-5,0,SBI Bank (A/c. No. 32352372302),0,,0,36,1,0,40,0.0,0.0,,,,
105,-2,1,-5,0,Pramesh Shah,0,,,36,1,0,250,0.0,0.0,,,,
106,-2,1,-5,0,Unnati Shah,0,,,36,1,0,250,0.0,0.0,,,,
107,-2,55,-5,0,jainam corporation,0,,,30,1,0,150,0.0,0.0,,,,
108,-2,155,-5,0,income from Enchante,0,,,36,1,0,280,0.0,0.0,,,,
109,-2,2,-5,0,Enchante,0,,,36,1,0,150,0.0,0.0,,,,
110,-2,1,-5,0,Saahil Shah,0,,0,36,1,0,250,0.0,0.0,,,,
111,-2,55,-5,0,Accrued Interest,0,,,-1,1,0,150,0.0,0.0,,,,
112,-2,60,-5,0,IDBI Bank (A/c. No. - 0409104000111713),0,,,31,1,0,40,0.0,0.0,,,,
113,-2,60,-5,0,IDBI Bank (A/c. No. - 0409104000113038),0,,,30,1,0,40,0.0,0.0,,,,
114,-2,60,-5,0,IDBI Bank (A/c. No. - 0409104000113045),0,,,29,1,0,40,0.0,0.0,,,,
115,-2,60,-5,0,IDBI Bank (A/c.No. -0409104000111720),0,,,36,1,0,40,0.0,0.0,,,,
116,-2,160,-5,0,Income Tax,0,,,36,1,0,290,0.0,0.0,,,,
117,-2,90,-5,0,RBI Retail Direct,0,,,-1,1,0,125,0.0,0.0,,,,
118,-2,160,-5,0,DP and other charges,0,,,36,1,0,290,0.0,0.0,,,,
120,-2,60,-5,0,Bank of Baroda,0,,,36,1,0,40,0.0,0.0,,,,
121,-2,55,-5,0,Accounts Receivable,0,,0,-1,1,0,150,0.0,0.0,,,,
122,-2,2,-5,0,Advance Mediclaim,0,,,31,1,0,150,0.0,0.0,,,,
123,-2,55,-5,0,TDS,0,,,-1,1,0,150,0.0,0.0,,,,
124,-2,200075,-1,0,JEWELLERY.,0,,,31,1,0,150,0.0,0.0,,,,
125,-2,160,-5,0,Profession Tax,0,,,36,1,0,290,0.0,0.0,,,,
126,-2,200120,-1,0,EPF - Salary,0,,,36,1,0,150,0.0,0.0,,,,
127,-2,2,-5,0,Loan To Bijal,0,,,31,1,0,150,0.0,0.0,,,,
128,-2,155,-5,0,Brokerage Income,0,,,31,1,0,280,0.0,0.0,,,,
129,-2,160,-5,0,Expenses in Enchante,0,,,36,1,0,290,0.0,0.0,,,,
130,-2,1,-5,0,Arjin Shah,0,,,-1,1,0,250,0.0,0.0,,,,
131,-2,1,-5,0,Creative Packaging,0,,0,30,1,0,250,0.0,0.0,,,,
132,-2,60,-5,0,Kotak Bank (A/c. No. - 5348806437),0,,,61,1,0,40,0.0,0.0,,,,
133,-2,1,-5,0,Saahil Shah,0,,,61,1,0,250,0.0,0.0,,,,
134,-2,60,-5,0,Kotak Bank (A/c No. - 7349494996),0,,,62,1,0,40,0.0,0.0,,,,
135,-2,2,-5,0,Crescendo Finserv,0,,,62,1,0,150,0.0,0.0,,,,
136,-2,155,-5,0,Income from Crescendo Finserv,0,,,62,1,0,280,0.0,0.0,,,,
137,-2,155,-5,0,Brokerage Income,0,,,36,1,0,280,0.0,0.0,,,,
138,-2,1,-5,0,Saahil Shah HUF,0,,0,-1,1,0,250,0.0,0.0,,,,
139,-2,1,-5,0,Saahil Shah,0,,0,62,1,0,250,0.0,0.0,,,,
140,-2,1,-5,0,Pramesh Shah,0,,0,61,1,0,250,0.0,0.0,,,,
141,-2,60,-5,0,Jio Bank,0,,,31,1,0,40,0.0,0.0,,,,
142,-2,55,-5,0,Creative Printers,0,,,29,1,0,150,0.0,0.0,,,,
143,-2,2,-5,0,Creative Packaging,0,,,31,1,0,150,0.0,0.0,,,,
144,-2,155,-5,0,Brokerage Income,0,,,30,1,0,280,0.0,0.0,,,,
145,-2,155,-5,0,Brokerage Income,0,,,62,1,0,280,0.0,0.0,,,,
146,-2,65,-5,0,Creative Printers,0,,,36,1,0,250,0.0,0.0,,,,
147,-2,55,-5,0,Creative Packaging,0,,,36,1,0,150,0.0,0.0,,,,
148,-2,1,-5,0,Unnati Shah,0,,0,62,1,0,250,0.0,0.0,,,,
149,-2,1,-5,0,Salary Receivable,0,,,36,1,0,250,0.0,0.0,,,,
150,-2,1,-5,0,Creative Enterprises,0,,,29,1,0,250,0.0,0.0,,,,
151,-2,2,-5,0,Canara HSBC Life Insurance,0,,0,-1,1,0,150,0.0,0.0,,,,
152,-2,1,-5,0,Unnati Shah,0,,0,61,1,0,250,0.0,0.0,,,,
153,-2,2,-5,0,MG Car,0,,,31,1,0,150,0.0,0.0,,,,
154,-2,64,-5,0,capital account arjin,0,,0,61,1,0,250,0.0,0.0,,,,
155,-2,90,-5,0,Dhan,0,,,-1,1,0,125,0.0,0.0,,,,
