AMID,ATYP,CODE,SUBCODE
1,30,1,
2,50,1,
3,50,1,
100012,50,1,
100029,50,1,
100038,50,1,
100058,50,1,
100059,50,1,
100070,50,1,
100071,50,1,
100072,50,1,
100073,50,1,
100078,50,1,
100090,50,1,
100093,50,1,
100102,50,1,
100115,50,1,
100128,50,1,
100129,50,1,
100132,50,1,
100141,50,1,
100148,50,1,
100156,50,1,
100176,50,1,
100182,50,1,
100186,50,1,
100211,50,1,
100226,50,1,
100230,50,1,
100240,50,1,
100268,50,1,
100305,50,1,
100308,50,1,
100316,50,1,
100334,50,1,
100335,50,1,
100337,50,1,
100338,50,1,
100343,50,1,
100345,50,1,
100346,50,1,
100349,50,1,
100351,50,1,
100352,50,1,
100360,50,1,
100365,50,1,
100373,50,1,
100374,50,1,
100381,50,1,
100495,50,1,
100507,50,1,
100683,50,1,
100756,50,1,
100823,50,1,
100835,50,1,
100873,50,1,
101006,50,1,
101039,50,1,
101057,50,1,
101076,50,1,
101096,50,1,
101147,50,1,
101390,50,1,
101418,50,1,
101535,50,1,
101544,50,1,
101553,50,1,
101556,50,1,
101563,50,1,
101575,50,1,
101615,50,1,
101636,50,1,
101706,50,1,
101938,50,1,
101945,50,1,
101956,50,1,
102035,50,1,
102066,50,1,
102162,50,1,
102175,50,1,
102179,50,1,
102180,50,1,
102333,50,1,
102341,50,1,
102369,50,1,
102370,50,1,
102411,50,1,
102461,50,1,
102517,50,1,
102573,50,1,
102592,50,1,
102627,50,1,
102647,50,1,
102712,50,1,
102762,50,1,
102772,50,1,
102791,50,1,
102894,50,1,
103068,50,1,
103226,50,1,
103542,50,1,
104179,50,1,
104242,50,1,
104251,50,1,
104268,50,1,
104289,50,1,
104292,50,1,
104299,50,1,
104310,50,1,
104315,50,1,
104320,50,1,
104323,50,1,
104324,50,1,
104335,50,1,
104343,50,1,
104364,50,1,
104369,50,1,
104450,50,1,
104456,50,1,
104465,50,1,
104491,50,1,
104499,50,1,
104500,50,1,
104505,50,1,
104506,50,1,
104511,50,1,
104516,50,1,
104542,50,1,
104562,50,1,
104576,50,1,
104617,50,1,
104621,50,1,
104623,50,1,
104687,50,1,
104734,50,1,
104739,50,1,
104792,50,1,
104821,50,1,
104829,50,1,
104838,50,1,
104986,50,1,
105010,50,1,
105050,50,1,
105051,50,1,
105071,50,1,
105074,50,1,
105094,50,1,
105100,50,1,
105140,50,1,
105153,50,1,
105158,50,1,
105169,50,1,
105174,50,1,
105216,50,1,
105270,50,1,
105312,50,1,
105332,50,1,
105346,50,1,
105539,50,1,
105592,50,1,
105672,50,1,
105757,50,1,
121294,50,1,
121347,50,1,
121388,50,1,
121408,50,1,
121460,50,1,
121746,50,1,
121748,50,1,
121749,50,1,
200840,60,2,2
201333,60,1,1
201527,60,1,1
201539,60,1,1
201543,60,1,1
201545,60,1,1
201551,60,1,1
201584,60,1,1
201623,60,1,1
201770,60,2,1
201926,60,2,2
202107,60,1,2
202248,60,2,2
202257,60,2,2
202288,60,2,2
202374,60,2,2
202406,60,1,1
202408,60,1,1
202412,60,1,1
202427,60,1,1
205483,60,1,1
207060,60,2,2
207340,60,1,2
212061,60,1,1
212062,60,1,1
212181,60,2,2
212724,60,1,1
212781,60,1,1
212790,60,1,1
212818,60,1,1
212824,60,1,1
212864,60,1,1
212878,60,1,1
212879,60,1,1
212916,60,1,1
212942,60,1,1
212963,60,1,1
213018,60,1,1
213037,60,1,1
213164,60,1,1
213177,60,1,1
213191,60,1,1
213199,60,1,1
213218,60,1,1
213251,60,2,2
213269,60,2,2
213279,60,2,2
213291,60,2,2
213312,60,2,2
213314,60,2,2
213327,60,2,2
213330,60,2,2
213347,60,2,2
213354,60,1,1
213383,60,1,2
213384,60,1,2
213391,60,1,
213430,60,1,1
213434,60,1,1
213442,60,1,1
213447,60,1,1
213448,60,1,1
213468,60,1,1
213475,60,1,
213478,60,2,2
213485,60,2,2
213662,60,1,1
213830,60,1,1
213979,60,1,1
216770,60,1,2
218048,60,1,1
219088,60,1,1
219090,60,1,1
220440,60,1,1
220733,60,1,1
221250,60,1,1
222307,60,1,1
222573,60,1,1
224129,60,1,1
226834,60,1,1
226985,60,1,1
425051,50,1,
425090,50,1,
425154,50,1,
425700,50,1,
425937,50,1,
426078,50,1,
426081,50,1,
426085,50,1,
426164,50,1,
426198,50,1,
633891,30,1,
651571,30,1,
656556,30,1,
662273,30,1,
669620,30,1,
673839,30,1,
674436,30,1,
678517,30,1,
678614,30,1,
678644,30,1,
679058,30,1,
680591,30,1,
680816,30,1,
681566,30,1,
681730,30,1,
682862,30,1,
683074,30,1,
683117,30,1,
683144,30,1,
683812,30,1,
684595,30,1,
687131,30,1,
687527,30,1,
687908,30,1,
690057,30,1,
690430,30,1,
693425,30,1,
693503,30,1,
693558,30,1,
693859,30,1,
694401,30,1,
694794,30,1,
695237,30,1,
697373,30,1,
697557,30,1,
699258,30,1,
699733,30,1,
699771,30,1,
699812,30,1,
700637,30,1,
704923,30,1,
704945,30,1,
121755,50,1,
426288,50,1,
213377,60,2,2
212621,60,2,2
214045,60,2,2
105202,50,1,
426545,50,1,
426571,50,1,
425328,50,1,
6,50,1,
425226,50,1,
105125,50,1,
105124,50,1,
425126,50,1,
425730,50,1,
425726,50,1,
425734,50,1,
7,50,1,
231080,60,2,2
231079,60,2,2
426664,50,1,
426194,50,1,
212516,60,2,2
426707,50,1,
212519,60,2,2
212467,60,2,2
222608,60,2,2
201342,60,1,1
224132,60,1,1
105122,50,1,
101804,50,1,
105835,50,1,
215613,60,1,1
105213,50,1,
224483,60,1,5
1189250,30,1,
1193054,30,1,
1195571,30,1,
1194421,30,1,
1197584,30,1,
1198102,30,1,
1198000,30,1,
1195603,30,1,
1195827,30,1,
1195029,30,1,
1195047,30,1,
1197394,30,1,
1180278,30,1,
1199416,30,1,
1199198,30,1,
1199832,30,1,
1198081,30,1,
1200109,30,1,
1198140,30,1,
1198245,30,1,
1199788,30,1,
1201334,30,1,
1201394,30,1,
1197519,30,1,
1200680,30,1,
212945,60,1,1
1198365,30,1,
1200852,30,1,
1188835,30,1,
1200978,30,1,
1201294,30,1,
1202424,30,1,
1202901,30,1,
1202669,30,1,
212969,60,1,1
121991,50,1,
1208581,30,1,
1223562,30,1,
1219117,30,1,
1209702,30,1,
213971,60,1,1
1225248,30,1,
1218397,30,1,
1220924,30,1,
104519,50,1,
224110,60,1,1
425376,50,1,
100340,50,1,
100023,50,1,
121455,50,1,
100246,50,1,
214000,60,1,1
100704,50,1,
229980,60,1,1
101126,50,1,
8,50,1,
1291077,30,1,
1283782,30,1,
1283832,30,1,
1284394,30,1,
106129,50,1,
213950,60,1,1
213538,60,2,2
213970,60,1,1
121858,50,1,
122409,50,1,
229252,60,1,1
217678,60,1,1
201777,60,2,2
201363,60,1,1
201336,60,1,1
200389,60,2,2
227829,60,2,2
205542,60,1,1
205535,60,1,1
202506,60,2,2
202465,60,1,2
202318,60,2,2
202238,60,2,2
201774,60,1,1
201615,60,1,1
201577,60,1,1
201378,60,1,1
201340,60,1,1
201335,60,1,1
201332,60,1,1
201324,60,1,1
201316,60,1,1
201307,60,1,1
201306,60,1,1
201304,60,1,1
201273,60,1,1
201262,60,1,1
200891,60,2,2
200538,60,2,2
200465,60,2,2
200456,60,2,2
200417,60,2,2
200405,60,2,2
200382,60,2,2
200344,60,2,2
232442,60,1,1
202298,60,1,2
200790,60,1,2
232079,60,1,1
225801,60,1,2
226366,60,1,1
231048,60,1,1
217937,60,1,1
221252,60,1,1
220735,60,1,1
207963,60,1,1
202500,60,2,2
202473,60,2,2
201790,60,1,1
201763,60,1,1
201602,60,1,1
201390,60,1,1
201388,60,1,1
201367,60,1,1
201361,60,1,1
201317,60,1,1
200933,60,2,2
200469,60,2,2
200337,60,2,2
200338,60,1,2
202141,60,1,2
213968,60,1,1
212782,60,1,1
229013,60,2,
228918,60,2,
227778,60,2,
227774,60,2,2
227448,60,2,
226809,60,1,1
222860,60,1,
217676,60,1,
215614,60,1,1
213441,60,1,
213202,60,1,
209378,60,2,
208173,60,1,
208064,60,1,
207607,60,2,
207585,60,1,
207579,60,1,
202387,60,1,
201789,60,1,
201787,60,1,
201752,60,1,
201372,60,1,
201334,60,1,
201234,60,1,
200219,60,2,
206624,60,1,1
222861,60,1,1
231394,60,1,
217887,60,1,
224131,60,1,
212568,60,1,
229982,60,1,
229981,60,1,
207419,60,1,
228663,60,1,
228660,60,1,
201776,60,1,1
201533,60,1,1
213731,60,1,2
208707,60,1,2
229088,60,1,1
232843,60,1,1
201291,60,1,1
200313,60,1,1
1486189,30,1,
1471125,30,1,
1490098,30,1,
1489231,30,1,
1485017,30,1,
1484107,30,1,
1483821,30,1,
1489881,30,1,
213926,60,2,2
1470567,30,1,
1087102,30,1,
1486316,30,1,
1495677,30,1,
1485491,30,1,
1488406,30,1,
1485696,30,1,
1486131,30,1,
1493225,30,1,
1485975,30,1,
1494739,30,1,
1490774,30,1,
1498548,30,1,
1496807,30,1,
1488659,30,1,
1489632,30,1,
1489838,30,1,
1492318,30,1,
1489630,30,1,
1478871,30,1,
1479819,30,1,
1481751,30,1,
1489160,30,1,
1482280,30,1,
1489308,30,1,
1494054,30,1,
1385192,30,1,
1478773,30,1,
1471022,30,1,
1467143,30,1,
1493160,30,1,
1479573,30,1,
1479858,30,1,
1344285,30,1,
1478048,30,1,
1482431,30,1,
1478451,30,1,
1480978,30,1,
1479093,30,1,
1496663,30,1,
1480637,30,1,
1482966,30,1,
1501144,30,1,
1501812,30,1,
1496989,30,1,
1496578,30,1,
1483618,30,1,
1483812,30,1,
1494118,30,1,
1503160,30,1,
1501819,30,1,
1496539,30,1,
1502409,30,1,
1497793,30,1,
1500491,30,1,
1501693,30,1,
1500567,30,1,
1493907,30,1,
1501205,30,1,
1504614,30,1,
1497305,30,1,
1501462,30,1,
1501781,30,1,
1502151,30,1,
1492239,30,1,
1492234,30,1,
1486997,30,1,
1523179,30,1,
1506817,30,1,
215720,60,2,2
1492182,30,1,
1494401,30,1,
1493129,30,1,
1506613,30,1,
1522463,30,1,
1522749,30,1,
1502328,30,1,
1521289,30,1,
1522956,30,1,
1521273,30,1,
1521638,30,1,
1521268,30,1,
1502296,30,1,
1520554,30,1,
1494393,30,1,
1520022,30,1,
1520536,30,1,
1521747,30,1,
1522876,30,1,
1493123,30,1,
1493908,30,1,
1484818,30,1,
1493910,30,1,
1503887,30,1,
1522296,30,1,
1522763,30,1,
1501497,30,1,
1495169,30,1,
1495168,30,1,
1523170,30,1,
1522885,30,1,
1521755,30,1,
1520048,30,1,
1503571,30,1,
1521035,30,1,
1494311,30,1,
1524025,30,1,
1486022,30,1,
1523054,30,1,
1504142,30,1,
208273,60,1,1
224113,60,1,1
230995,60,1,1
201730,60,1,1
231493,60,1,1
224125,60,1,1
205534,60,1,1
207586,60,1,1
210791,60,2,2
201300,60,2,2
220206,60,1,1
232799,60,1,1
201349,60,1,1
231903,60,1,1
217882,60,1,1
232660,60,2,2
205561,60,2,2
201683,60,1,1
233237,60,1,1
205502,60,1,1
201434,60,1,1
230918,60,1,1
232136,60,1,1
201495,60,1,1
205512,60,1,2
226365,60,1,1
205573,60,1,2
1495497,30,1,
1494760,30,1,
1494105,30,1,
230882,60,2,2
201265,60,1,1
201761,60,1,1
233909,60,1,1
233698,60,1,1
232061,60,1,1
200911,60,2,3
233877,60,1,1
225345,60,1,1
212325,60,2,2
231922,60,2,2
101627,50,1,
100328,50,1,
104663,50,1,
101907,50,1,
121729,50,1,
100461,50,1,
102020,50,1,
102374,50,1,
101918,50,1,
100717,50,1,
102301,50,1,
101579,50,1,
121335,50,1,
105044,50,1,
100174,50,1,
104197,50,1,
121821,50,1,
100357,50,1,
103358,50,1,
104544,50,1,
101744,50,1,
105907,50,1,
104843,50,1,
213444,60,1,1
212785,60,1,1
207263,60,1,1
205477,60,1,1
234033,60,1,1
232052,60,1,1
212799,60,1,1
213976,60,1,1
221257,60,1,1
201396,60,1,1
201463,60,1,1
200379,60,1,1
201371,60,1,1
232842,60,1,1
214319,60,2,2
232334,60,2,2
231481,60,2,1
232155,60,1,1
213168,60,1,1
207407,60,1,1
208065,60,1,1
202421,60,1,1
202404,60,1,1
202423,60,1,1
224933,60,2,2
201329,60,1,1
213203,60,1,1
201662,60,1,1
201489,60,1,1
202388,60,1,1
232242,60,1,1
231735,60,1,1
201282,60,1,1
232943,60,1,1
231872,60,1,2
201889,60,2,2
225522,60,1,1
232952,60,1,1
225573,60,1,1
214002,60,1,1
229587,60,2,2
212962,60,1,1
234239,60,1,1
220771,60,1,1
212896,60,1,1
231492,60,1,1
234701,60,1,1
233212,60,1,1
234799,60,1,1
213985,60,2,3
214155,60,2,2
221255,60,2,1
227062,60,2,1
212947,60,2,1
233931,60,2,3
213079,60,2,2
213900,60,2,1
213958,60,2,1
215306,60,2,2
212667,60,2,1
214252,60,2,1
234227,60,1,1
231285,60,1,1
234074,60,1,1
214210,60,1,1
1911400,30,1,
1927734,30,1,
234957,60,1,1
231551,60,2,1
426703,50,1,
233695,60,2,4
213924,60,2,2
234448,60,1,1
235530,60,1,1
9,50,1,
213308,60,2,2
233228,60,2,2
