TYPE,ID,EXTID,ACID,DT_EFF,NEW_NAME,NEW_ID,NEW_EXTID
6,501532,-1,31,,,405,-5
6,501513,-1,30,,,405,-5
6,501503,-1,29,,,405,-5
6,501512,-1,29,,,405,-5
6,501530,-1,31,,,405,-5
6,501685,-1,31,,,405,-5
6,501547,-1,29,,,405,-5
6,501669,-1,36,,,405,-5
6,501523,-1,29,,,405,-5
6,501576,-1,31,,,405,-5
6,501502,-1,30,,,405,-5
6,501541,-1,30,,,405,-5
6,501520,-1,31,,,405,-5
6,501575,-1,29,,,405,-5
6,501528,-1,29,,,405,-5
6,501668,-1,36,,,405,-5
6,501526,-1,31,,,405,-5
6,501542,-1,32,,,405,-5
6,501488,-1,29,,,405,-5
