CNID,PFID,AMID,ATY,SID,SELRID,REFNO,INTPER,INTTY,INTPYTY,FVALUE
1,4,97,70,213,,,12.25,2,2,
2,4,188,70,426,,,0.0,1,1,
3,4,353,70,995,,,9.75,2,3,
5,4,302,120,776,,,0.0,1,3,
6,4,387,95,1379,,,7.3,1,1,
7,4,388,95,1380,,,7.3,1,1,
8,4,389,95,1381,,,0.0,2,4,
9,4,390,95,1382,,,7.26,2,4,
10,1,303,120,777,,,0.0,1,3,
11,2,393,120,1389,,,0.0,1,3,
15,2,407,95,1432,,,0.0,2,3,
16,2,408,95,1433,,,5.25,2,3,
17,1,409,95,1434,,,5.0,2,3,
18,1,410,95,1435,,,5.0,2,3,
19,1,411,95,1436,,,0.0,2,3,
20,1,412,95,1437,,,0.0,2,3,
21,1,413,95,1438,,,0.0,2,3,
22,2,414,95,1439,,,0.0,2,3,
23,2,415,95,1440,,,5.25,2,3,
25,4,416,95,1442,,,5.0,2,3,
26,4,417,95,1443,,,5.0,2,3,
27,4,418,95,1444,,,0.0,2,3,
28,2,419,95,1447,,,5.0,2,3,
29,2,420,95,1448,,,0.0,1,3,
30,2,421,95,1449,,,0.0,2,3,
31,2,424,95,1452,,,5.25,2,3,
32,1,425,95,1453,,,5.25,2,3,
33,1,426,95,1454,,,5.25,2,3,
34,1,427,95,1455,,,5.25,2,3,
35,1,428,95,1456,,,5.0,2,3,
36,1,430,95,1458,,,5.0,2,3,
37,1,431,95,1459,,,5.0,2,3,
39,1,433,95,1461,,,5.0,2,3,
40,1,434,95,1462,,,5.0,2,3,
41,1,435,95,1463,,,5.25,2,3,
42,1,436,95,1464,,,5.25,2,3,
43,1,437,95,1466,,,5.25,2,3,
44,1,438,95,1467,,,5.25,2,3,
45,2,440,95,1470,,,4.5,2,3,
46,2,441,95,1471,,,4.5,2,3,
47,1,442,95,1473,,,4.5,2,3,
48,1,444,95,1480,,,5.65,2,3,
49,1,445,95,1481,,,5.65,2,3,
50,1,446,95,1482,,,5.65,2,3,
51,2,447,95,1483,,,5.65,2,3,
52,2,448,95,1484,,,5.65,2,3,
53,2,449,95,1485,,,5.65,2,3,
54,4,450,95,1486,,,5.65,2,3,
55,4,451,95,1487,,,5.65,2,3,
56,4,452,95,1493,,,4.5,2,1,
58,4,455,70,1496,,,7.75,2,1,
61,40,537,120,1714,,,0.0,1,3,
68,1,598,70,1819,,,4.09,2,1,
69,1,599,95,1821,,,5.65,2,1,
70,4,600,95,1824,,,5.65,2,1,
71,2,601,95,1825,,,5.65,2,4,
72,1,602,95,1826,,,5.8,1,1,
76,1,610,115,1842,,,7.72,2,2,
84,1,640,70,1906,,,6.24,2,1,
87,4,637,115,1937,,,7.54,2,1,
