ID,ACID,PFID,ATYP,TranTypeID,TransTypStr,AMID,SID,TDS,AMT
,30,4,70,67,Interest (Payout),353,995,,0.0
,30,4,70,67,Interest (Payout),455,1496,,0.0
,30,4,50,62,Dividend Payout,121631,1899,,0.0
,30,4,50,62,Dividend Payout,106129,1892,,0.0
,30,4,50,62,Dividend Payout,101434,1681,,0.0
,30,4,50,62,Dividend Payout,104509,1401,,0.0
,30,4,50,62,Dividend Payout,121898,1894,,0.0
,30,4,50,62,Dividend Payout,122242,1893,,0.0
,36,40,50,62,Dividend Payout,100290,1911,,0.0
,36,40,50,62,Dividend Payout,100078,1919,,0.0
,36,40,50,62,Dividend Payout,121455,1751,,0.0
,36,40,50,62,Dividend Payout,121845,1957,,0.0
,29,2,50,62,Dividend Payout,104254,1981,1092.0,9828.0
,29,2,50,62,Dividend Payout,100407,1930,,0.0
,29,2,50,62,Dividend Payout,100148,288,,0.0
,29,2,50,62,Dividend Payout,100078,267,,0.0
,29,2,50,62,Dividend Payout,100128,1629,,0.0
,29,2,50,62,Dividend Payout,122242,1978,,0.0
,29,2,50,62,Dividend Payout,104669,1912,,0.0
,29,2,50,62,Dividend Payout,104509,1400,,0.0
,29,2,50,62,Dividend Payout,121898,1879,,0.0
,29,2,50,62,Dividend Payout,100023,761,,0.0
,29,2,50,62,Dividend Payout,121455,1610,,0.0
,29,2,50,62,Dividend Payout,121845,1926,,0.0
,29,2,50,62,Dividend Payout,100346,890,,0.0
,29,2,50,62,Dividend Payout,100246,1606,,0.0
,29,2,50,62,Dividend Payout,100176,762,,0.0
,32,35,50,62,Dividend Payout,104471,1972,,0.0
,32,35,50,62,Dividend Payout,100346,1962,,0.0
,32,35,50,62,Dividend Payout,121898,1973,,0.0
,32,35,50,62,Dividend Payout,122242,1974,,0.0
,31,1,50,62,Dividend Payout,104471,1603,,0.0
,31,1,50,62,Dividend Payout,100078,653,,0.0
,31,1,50,62,Dividend Payout,100290,1921,,0.0
,31,1,50,62,Dividend Payout,100407,1993,,0.0
,31,1,50,62,Dividend Payout,121455,1733,,0.0
,31,1,50,62,Dividend Payout,100128,242,,0.0
,31,1,50,62,Dividend Payout,100176,1747,,0.0
,31,1,50,62,Dividend Payout,100704,1895,,0.0
,31,1,50,62,Dividend Payout,105721,2372,,0.0
,29,2,50,62,Dividend Payout,100704,1878,,0.0
,29,2,50,62,Dividend Payout,105721,1913,,0.0
,32,35,50,62,Dividend Payout,104251,1994,,0.0
,29,2,50,62,Dividend Payout,106129,2698,,0.0
,29,2,50,62,Dividend Payout,106097,2885,,0.0
,29,2,50,62,Dividend Payout,104511,2882,,0.0
,29,2,50,62,Dividend Payout,104310,255,,0.0
,29,2,50,62,Dividend Payout,122673,2672,,0.0
,29,2,50,62,Dividend Payout,100345,306,,0.0
,29,2,50,62,Dividend Payout,104471,1977,,0.0
,29,2,50,62,Dividend Payout,102370,885,,0.0
,29,2,50,62,Dividend Payout,100517,2771,,0.0
,29,2,50,62,Dividend Payout,104841,2901,,0.0
,29,2,50,62,Dividend Payout,104512,2883,,0.0
,29,2,50,62,Dividend Payout,100167,488,,0.0
