TYP,ACID,ID,EXTID,PFID,Flags,ACCINFO
14,29,11,-2,86840,,1912581915
14,29,11,-2,90230,,: 00801000031785 VRM POTENTIAL(: 00801000031785 VRM POTENTIAL)
14,29,13,-2,87540,,1912581915(1912581915)
14,31,29,-2,90230,,: 00801000054356 COP POTENTIAL(: 00801000054356 COP POTENTIAL)
14,30,28,-2,90230,,: 00801000031775 Others (DQ)(: 00801000031775 Others (DQ))
14,30,48,-2,86840,,2012066081(2012066081)
14,32,68,-2,81500,,56994953(56994953)
14,31,32,-2,86840,,1712151141(1712151141)
14,32,71,-2,87540,,5013113969(5013113969)
14,30,48,-2,87640,,2012066081(2012066081)
14,29,13,-2,87640,,1912581915(1912581915)
14,31,32,-2,87540,,1712151141(1712151141)
14,30,48,-2,87540,,2012066081(2012066081)
1,36,102,-2,-1,,
1,36,101,-2,-1,,
1,36,104,-2,-1,,
1,32,68,-2,-1,,
1,32,71,-2,-1,,
1,30,48,-2,-1,,
1,30,80,-2,-1,,
1,30,96,-2,-1,,
1,31,95,-2,-1,,
1,31,32,-2,-1,,
1,31,76,-2,-1,,
1,29,97,-2,-1,,
1,29,13,-2,-1,,
1,29,79,-2,-1,,
14,31,32,-2,92000,,Saahil Shah(1712151141 SAVINGS)
14,30,48,-2,92000,,Pramesh Rajendra Shah(2012066081 SAVINGS)
14,29,13,-2,92000,,Unnati Pramesh Shah(1912581915 SAVINGS)
14,36,101,-2,92000,,Krisha Rajesh(6945111207 SAVINGS)
14,29,97,-2,92205,,10055495438(10055495438)
14,31,95,-2,92205,,10055506177(10055506177)
14,31,112,-2,87580,,0409104000111713(0409104000111713)
14,29,114,-2,87580,,0409104000113045(0409104000113045)
14,30,113,-2,87580,,0409104000113038(0409104000113038)
14,30,96,-2,92205,,10055495198(10055495198)
14,62,134,-2,92000,,Saahil Shah Huf(7349494996 SAVINGS)
14,31,32,-2,94965,,Saahil Pramesh Shah(1712151141)
14,29,13,-2,95090,,Unnati Pramesh Shah(1912581915)
14,30,48,-2,95090,,Pramesh Rajendra Shah(2012066081)
14,36,101,-2,95090,,Krisha Saahil Shah(6945111207)
