StrField1,StrField2,MPrPFID,MPRCLientID,NameInFile,PAN,Addr,TEMPLID
,,7,1,IK2408,,,56660
,,4,1,"DEALING OFFICES ADDRESS : FLAT NO 5 , 2ND FLOOR ,SAGAR APARTMENT, 6 TILAK MARG ,NEW DELHI- 110001 TELEPHONE NO :  011-43100999 FAX NO :",,,5245
,,4,1,PRAMESH RAJENDRA SHAH,,,21340
,,2,1,UNNATI PRAMESH SHAH,,,21340
,,14,1,I2301,,,56660
,,1,1,SAAHIL SHAH,,,21340
,,11,1,I22099,,,56660
,,15,1,UNNATI PRAMESH SHAH,,,56080
,,8,1,PRAMESH RAJENDRA SHAH,,,56080
,,12,1,SAAHIL SHAH,,,56080
FOL,,13,1,213199:91022840686 / 0,,,15800
FOL,,9,1,213164:499149035761 / 0,,,15800
FOL,,17,1,213164:499149081794 / 0,,,15800
FOL,,13,1,201527:48397209185 / 0,,,15800
FOL,,13,1,207340:48397209185 / 0,,,15800
,,6,1,PRAMESH RAJENDRA SHAH(IK2408),,,82080
,,4,1,PRANESH RAJENDRA SHAH,,,21340
,,1,1,SAAHIL PRAMESH SHAH,,,21340
,,4,1,Pan No. AAIPS3625H,,,21640
,,7,1,UCC Code (for all segments): A070780,,,63160
,,2,1,Pan No. AAIPS3624G,,,21640
FOL,,1,1,222573:9105363746 / 0,,,15800
,,7,1,"14 PARSHVA SADAN,228 DR. ANNIE BESANT RD,WORLI, ,MUMBAI,MAHARASHTRA",,,56660
,,4,1,"DEALING OFFICES ADDRESS : FLAT NO 5 , 2ND FLOOR ,SAGAR APARTMENT, 6 TILAK MARG ,NEW DELHI- 110001 TELEPHONE NO :  011-43100999 FAX NO :  GSTIN NO : 07AAACR5786P1ZL",,,5250
,,4,1,IK2408,,,21340
,,2,1,I2301,,,21340
FOL,,13,1,220440:9105363746 / 0,,,15800
FOL,,17,1,220440:9106362652 / 0,,,15800
FOL,,13,1,212790:404145658506 / 0,,,15800
FOL,,17,1,212790:499149081794 / 0,,,15800
FOL,,13,1,219090:9105363746 / 0,,,15800
FOL,,13,1,220440:9106398845 / 0,,,15800
FOL,,17,1,219090:9106362652 / 0,,,15800
,,7,1,AAIPS3625H,,,56660
,,14,1,AAIPS3624G,,,56660
,,8,1,PRANESH RAJENDRA SHAH,,,56080
FOL,,17,1,216770:9106362652 / 0,,,15800
,,1,1,I22099,,,21340
FOL,,17,1,219090:9106398845 / 0,,,15800
FOL,,17,1,219090:9107460662 / 0,,,15800
FOL,,17,1,220440:9107460662 / 0,,,15800
,,11,1,CGTPS8217E,,,56660
FOL,,17,1,219088:9105363746 / 0,,,15800
FOL,,13,1,201623:5993747,,,15800
FOL,,9,1,200840:4042588754 / 0,,,15800
FOL,,9,1,201545:4038092286 / 0,,,15800
FOL,,9,1,201551:4042213332 / 0,,,15800
,,4,1,250277,,,22200
,,1,1,164891,,,22200
,,2,1,166780,,,22200
FOL,,9,1,213330:91047924964 /        0,,,15800
FOL,,9,1,213037:91047924964 / 0,,,15800
FOL,,9,1,213330:91047924964 / 0,,,15800
,,29,1,1912581915,,,86840
,,29,1,"Write to us at Customer Contact Centre. Kotak Mahindra Bank Ltd. Post Box Number 16344, Mumbai 400 013",,,87420
,,29,1,0.000000E+000(0.000000E+000),,,86640
,,29,1,1912581915(1912581915),,,86640
,,29,1,: 00801000031785 VRM POTENTIAL(: 00801000031785 VRM POTENTIAL),,,90230
,,29,1,Write to us at Customer Contact Centre. Kotak Mahindra Bank Ltd. Post Box Number 16344 Mumbai 400 013,,,87420
,,29,1,1912581915(1912581915),,,87540
,,31,1,: 00801000054356 COP POTENTIAL(: 00801000054356 COP POTENTIAL),,,90230
,,30,1,: 00801000031775 Others (DQ)(: 00801000031775 Others (DQ)),,,90230
,,30,1,2012066081(2012066081),,,86840
,,32,1,56994953(56994953),,,81500
,,31,1,1712151141(1712151141),,,86840
,,32,1,5013113969,,,86840
,,32,1,5013113969(5013113969),,,87540
,,35,1,I24000,,,21340
,,2,1,UNNATI PRAMESH SHAH,,,5250
,,2,1,UNNATI PRAMESH SHAH,,,5245
,,2,1,SHAH UNNATI,,,5250
,,30,1,2012066081(2012066081),,,87540
,,31,1,1712151141(1712151141),,,87540
,,31,1,Home Branch(Home Branch),,,87640
FOL,,13,1,212781:488207335026 / 0,,,15800
FOL,,13,1,213269:488207335026 / 0,,,15800
,,30,1,2012066081(2012066081),,,87640
,,29,1,1912581915(1912581915),,,87640
,,4,1,UCCOFCLIENT:250277,,,22200
,,2,1,UCCOFCLIENT:166780,,,22200
,,4,1,UCC CODE: ZZX6A,,,46900
,,1,1,UCCOFCLIENT:164891,,,22200
,,1,1,SAAHIL PRAMESH SHAH,,,46790
,,1,1,SAAHIL PRAMESH SHAH,,,46770
,,2,1,UNNATI PRAMESH SHAH,,,46770
,,29,1,1912581915,,,91430
,,31,1,1712151141,,,91430
,,31,1,1712151141,,,86840
,,11,1,"14 PARSHVA SADAN,,228 DR ANNIE BESANT ROAD. WORLI,, , ,MUMBAI - 400030,MAHARASHTRA",,,56660
,,7,1,"228, PARSHVA SADAN,,FLAT NO-14, 4TH FLOOR,,DR. ANNIE BESANT ROAD, WORLI,,OPP. PODAR HOSPITAL,MUMBAI - 400030,MAHARASHTRA",,,56660
,,14,1,"14 PARSHVA SADAN,228 DR ANNIE BESANT ROAD,WORLI, ,MUMBAI - 400030,MAHARASHTRA",,,56660
,,4,1,AAIPS3625H,,,21340
,,2,1,AAIPS3624G,,,21340
,,40,1,KRISHA RAJESH MEHTA,,,46770
,,14,1,I2301,,,75170
,,7,1,IK2408,,,75170
,,11,1,I22099,,,75170
,,1,1,CGTPS8217E,,,21340
,,40,1,BVDPM4828B,,,200250
,,1,1,CGTPS8217E,,,200250
,,31,1,Saahil Shah(1712151141 SAVINGS),,,92000
,,30,1,Pramesh Rajendra Shah(2012066081 SAVINGS),,,92000
,,29,1,Unnati Pramesh Shah(1912581915 SAVINGS),,,92000
,,36,1,Krisha Rajesh(6945111207 SAVINGS),,,92000
,,29,1,10055495438(10055495438),,,92205
,,8,1,"DEALING OFFICES ADDRESS : 61, 6th Floor, Mittal Chambers,228 Nariman Point,Mumbai,400021 TELEPHONE NO :  022-42105555 FAX NO :  GSTIN NO : 27AAACR5786P2ZI",,,51690
,,8,1,AAIPS3625H,,,56080
,,36,1,Krisha Saahil Shah(6945111207 SAVINGS),,,92000
,,2,1,AAIPS3624G,,,200250
,,1,1,PAN: CGTPS8217E,,,15800
,,4,1,PAN: AAIPS3625H,,,15800
,,40,1,PAN: BVDPM4828B,,,15800
,,35,1,PAN: AARHP2206E,,,15800
,,2,1,PAN: AAIPS3624G,,,15800
,,12,1,CGTPS8217E,,,74755
,,4,1,IK2408,,,200950
,,8,1,UCC of Client. -IK2408,,,75220
,,1,1,CGTPS8217E,,,200175
,,2,1,AAIPS3624G,,,200175
,,8,1,UCC of Client,,,75220
,,40,1,BVDPM4828B,,,200175
FOL,,2,1,229980:19936679396 / 0,,,15800
,,7,1,AAIPS3625H,,,77290
FOL,,2,1,212969:19936679396 / 0,,,15800
,,4,1,AAIPS3625H,,,206845
FOL,,35,1,214000:51010979693 / 0,,,15800
FOL,,1,1,213971:5107432726 / 0,,,15800
,,1,1,I22099,,,200950
,,40,1,BVDPM4828B,,,207290
,,2,1,AAIPS3624G,,,207290
,,1,1,CGTPS8217E,,,207290
,,4,1,PAN:  AAIPS3625H,,,15800
FOL,,4,1,212781:499266851405 / 0,,,15800
FOL,,40,1,229980:19930087466 / 0,,,15800
,,41,1,BVDPM4828B,,,77295
,,40,1,BVDPM4828B,,,206845
FOL,,40,1,212969:19930087466 / 0,,,15800
,,32,1,5013113969,,,91430
,,2,1,PAN:  AAIPS3624G,,,15800
,,42,1,I24000,,,75170
,,35,1,I24000,,,200950
,,2,1,I2301,,,200950
FOL,,1,1,213971:51019056414 / 0,,,15800
,,31,1,10055506177(10055506177),,,92205
FOL,,2,1,212781:499279875595 / 0,,,15800
FOL,,2,1,212724:32950965,,,15800
,,31,1,0409104000111713,,,90820
,,31,1,0409104000111713(0409104000111713),,,87580
FOL,,4,1,213950:51025980465 / 0,,,15800
FOL,,4,1,213971:51025980475 / 0,,,15800
,,29,1,0409104000113045(0409104000113045),,,87580
,,30,1,0409104000113038(0409104000113038),,,87580
FOL,,1,1,213442:21787591 / 95,,,15800
FOL,,35,1,212724:33269477,,,15800
,,15,1,UCC of Client. -I2301,,,75220
,,31,1,Saahil Pramesh Shah(1712151141 SAVINGS),,,92000
,,12,1,UCC of Client. -I22099,,,75220
FOL,,40,1,212181:23036025 / 60,,,15800
FOL,,40,1,213251:34054628,,,15800
FOL,,40,1,213442:23036025 / 60,,,15800
,,2,1,I24404,,,200950
FOL,,4,1,219090:91049485403 / 0,,,15800
FOL,,40,1,219090:91049626794 / 0,,,15800
,,4,1,PAN:   AAIPS3625H,,,15800
FOL,,1,1,213976:51019056414 / 0,,,15800
FOL,,1,1,213926:51019056414 / 0,,,15800
FOL,,1,1,213950:51019056414 / 0,,,15800
FOL,,64,1,213950:51074476845 / 0,,,15800
FOL,,64,1,213968:51074476855 / 0,,,15800
,,2,1,TF2788,,,202125
,,64,1,PAN: SLVPS8741A,,,15800
FOL,,2,1,229587:91057188304 / 0,,,15800
,,66,1,AAIPS3625H,,,77295
FOL,,1,1,212896:79915138162 / 0,,,15800
FOL,,35,1,212896:79915154431 / 0,,,15800
FOL,,40,1,212896:79915138125 / 0,,,15800
FOL,,2,1,212896:79915224832 / 0,,,15800
FOL,,4,1,212896:79915225076 / 0,,,15800
,,2,1,PAN:   AAIPS3624G,,,15800
FOL,,1,1,231492:9109048562 / 0,,,15800
FOL,,40,1,231492:9109048722 / 0,,,15800
FOL,,64,1,212896:79915382765 / 0,,,15800
,,1,1,VQ6949,,,214420
,,2,1,TF2788,,,214420
,,40,1,UI2571,,,214420
,,35,1,I24000,,,214670
FOL,,2,1,233212:91026866652 / 0,,,15800
,,30,1,10055495198(10055495198),,,92205
,,1,1,PAN:   CGTPS8217E,,,15800
,,67,1,PAN: ABKHS7449L,,,15800
FOL,,35,1,214155:91031207053 / 0,,,15800
,,4,1,PAN of Client,,,206845
,,4,1,AAIPS3625H,,,216135
FOL,,40,1,232442:31031249691 / 0,,,15800
,,8,1,IK2408,,,801105
FOL,,40,1,234957:910136545781 / 0,,,15800
,,62,1,Saahil Shah Huf(7349494996 SAVINGS),,,92000
,,4,1,IK2408,,,214670
,,31,1,Saahil Pramesh Shah,,,92000
,,31,1,Saahil Pramesh Shah,,,95090
,,31,1,Saahil Pramesh Shah(1712151141),,,94965
,,29,1,:(:),,,87540
,,29,1,Unnati Pramesh Shah(1912581915),,,95090
,,29,1,Unnati Pramesh Shah(1912581915 SAVINGS),,,94965
,,29,1,Unnati Pramesh Shah(1912581915),,,92000
,,30,1,Pramesh Rajendra Shah(2012066081),,,95090
,,31,1,Saahil Pramesh Shah(1712151141),,,95090
,,31,1,Saahil Pramesh Shah(1712151141),,,92000
,,31,1,Saahil Pramesh Shah(1712151141 SAVINGS),,,94965
,,36,1,Krisha Saahil Shah(6945111207),,,95090
FOL,,4,1,214155:91045047956 / 0,,,15800
,,62,1,Saahil Shah Huf(7349494996),,,95090
,,62,1,Saahil Shah Huf(7349494996),,,92000
,,35,1,5150000949,,,220855
,,40,1,UI2571,,,217480
FOL,,4,1,229587:910163279795 / 0,,,15800
