SettingType,ClientID,PFolioID,PeriodFrom,PeriodTo,GenrSettingValue
11,1,6,,,01/04/13
17,1,6,,,31/03/14
15,1,6,,,01/04/13
5,1,-1,,,12
3,1,-1,2025-04-01 00:00:00,2020-03-31 00:00:00,
20,1,6,,,hdfc
11,1,10,,,01/04/07
17,1,10,,,31/03/08
15,1,10,,,01/04/07
11,1,16,,,01/04/16
17,1,16,,,31/03/17
15,1,16,,,01/04/16
5,2,-1,,,12
3,2,-1,2018-04-01 00:00:00,2019-03-31 00:00:00,
11,1,29,,,01/04/19
17,1,29,,,31/03/27
15,1,29,,,01/04/26
20,1,29,,,IDFC BANK (A/c. No. - 10055495438)
11,1,30,,,01/04/19
17,1,30,,,31/03/27
15,1,30,,,01/04/26
11,1,31,,,01/04/19
17,1,31,,,31/03/26
15,1,31,,,01/04/25
20,1,31,,,IDFC BANK (A/c. No. 10055506177)
20,1,30,,,Kotak Bank (A/c No. - 2012066081)
11,1,32,,,01/04/19
17,1,32,,,31/03/27
15,1,32,,,01/04/26
20,1,32,,,Kotak Bank (A/c. No. - 5013113969)
6,1,10,,,
9,1,10,,,
18,1,10,,,
7,1,10,,,
6,1,16,,,
9,1,16,,,
18,1,16,,,
7,1,16,,,
11,1,36,,,01/04/18
17,1,36,,,31/03/27
15,1,36,,,01/04/26
20,1,36,,,Kotak Bank (A/c. No. 6945111207)
5,3,-1,,,8.7
5,4,-1,,,12
11,1,61,,,01/04/23
17,1,61,,,31/03/26
15,1,61,,,01/04/25
20,1,61,,,Kotak Bank (A/c. No. - 5348806437)
11,1,62,,,01/04/23
17,1,62,,,31/03/26
15,1,62,,,01/04/18
5,5,-1,,,12
6,1,30,,,
9,1,30,,,
18,1,30,,,
7,1,30,,,
20,1,62,,,Kotak Bank (A/c No. - 7349494996)
30,1,31,,,
30,1,30,,,
30,1,32,,,
32,1,30,,,
32,1,32,,,
32,1,29,,,
32,1,36,,,
