ID,ClientID,InvestorName,IsGroup,FullName,InvestorAddr,City,PinCode,Country,Phone,Mobile,PAN,ExitStatus,RiskProfile,ViewSettings,PFolioType,ExtID
1,1,Saahil Inv,0,SAAHIL P SHAH,,,,,,,CGTPS8217E,1,,50,0,-1
2,1,Unnati Inv,0,UNNATI P SHAH,,,,,,,AAIPS3624G,1,,18,0,-1
3,1,x old shares,0,all,,,,,,,,1,,16,0,-1
4,1,Pramesh Inv,0,Pramesh R Shah,,,,,,,,1,,50,0,-1
5,1,PRS,0,,,,,,,,,1,,16,5,-1
7,1,PRS CURR,0,Pramesh R Shah,,,,,,,,1,,20,5,-1
8,1,PRS FO,0,,,,,,,,,1,,16,5,-1
9,1,x Pramesh MF,0,Pramesh R Shah,,,,,,,aaips3625h,1,,18,0,-1
11,1,SAAHIL CURR,0,SAAHIL PRAMESH SHAH,,,,,,,,1,,144,5,-1
12,1,Saahil FO,0,Saahil Shah,,,,,,,,1,,16,5,-1
13,1,xSaahil Shah MF,0,Saahil P Shah,,,,,,,cgtps8217e,1,,18,0,-1
14,1,unnati curr,0,Unnati P Shah,,,,,,,,1,,16,5,-1
15,1,unnati fo,0,,,,,,,,,1,,16,5,-1
17,1,xUnnati Shah MF,0,Unnati P Shah,,,,,,,aaips3624g,1,,18,0,-1
18,1,Eq Group,1,,,,,,,,,1,,19,0,-1
29,1,Unnati Shah A/c,0,Unnati Shah,,,,,,,AAIPS3624G,1,,0,10,-1
30,1,Pramesh Shah Ac,0,Pramesh Shah,,,,,,,AAIPS3625H,1,,0,10,-1
31,1,Saahil Shah A/c,0,Saahil Shah,,,,,,,CGTPS8217E,1,,0,10,-1
32,1,Pramesh HUF A/c,0,Pramesh Shah (HUF),,,,,,,,1,,0,10,-1
34,1,xPRS HUF MF,0,Pramesh Shah HUF,,,,,,,,1,,0,0,-1
35,1,PRS HUF Inv,0,Pramesh Shah HUF,,,,,,,,1,,0,0,-1
36,1,Krisha A/c,0,,,,,,,,,1,,0,10,-1
37,1,x Krisha MF,0,Krisha Saahil Shah,,,,,,,,1,,0,0,-1
38,1,x30-3-21PSU-SPS,0,,,,,,,,,1,,0,0,-1
39,1,x30-3-2110Y-UPS,0,,,,,,,,,1,,0,0,-1
40,1,Krisha Inv,0,Krisha Saahil Shah,,,,,,,,1,,0,0,-1
41,1,KSS CURR,0,Krisha A/c,,,,,,,,1,,0,5,-1
42,1,HUF CURR,0,,,,,,,,,1,,0,5,-1
61,1,Arjin Shah A/c,0,Arjin Saahil Shah,,,,,,,,1,,0,10,-1
62,1,Saahil Shah HUF,0,,,,,,,,,1,,0,10,-1
64,1,Arjin Shah INV,0,,,,,,,,,1,,0,0,-1
65,1,KSS Smallcase,0,krisha,,,,,,,,1,,0,0,-1
66,1,prs curr mstock,0,Pramesh R Shah,,,,,,,,1,,0,5,-1
67,1,SPS HUF,0,,,,,,,,,1,,0,0,-1
68,1,Group,1,,,,,,,,,1,,0,0,-1
