REMID,REMTYP,SID,DTEVENT,DTREM,DTTILL,NOTE,SNZAGAIN,PFOLIOID,CLIENTID,RPTDYS,IS_RMDSET,EXTID
1,5,426,2014-09-14 00:00:00,2014-09-14 00:00:00,9999-12-31 23:59:59.9999999,Maturity: muthoot NCD 14sep14 12.25,,4,1,0,0,-1
2,10,213,2018-11-01 00:00:00,2016-01-29 00:00:00,9999-12-31 23:59:59.9999999,Lock-in Period expiry for: muthoot NCD,,4,1,0,0,-1
3,5,213,2016-09-14 00:00:00,2016-01-29 00:00:00,9999-12-31 23:59:59.9999999,Maturity: muthoot NCD,,4,1,0,0,-1
4,10,920,2020-11-23 00:00:00,2020-11-23 00:00:00,9999-12-31 23:59:59.9999999,Locking Period Expired for Mirae Asset Tax Saver Fund-Direct Plan -Growth,,17,1,0,0,-1
5,5,1343,2023-12-04 00:00:00,2023-12-04 00:00:00,9999-12-30 23:59:59.9999999,Maturity: 956 SBI PERP,,4,1,0,0,-1
6,5,1381,2020-02-12 00:00:00,2020-02-12 00:00:00,9999-12-30 23:59:59.9999999,Maturity: HDFC BANK FD 3,,4,1,0,0,-1
7,5,1466,2020-07-27 00:00:00,2020-07-27 00:00:00,9999-12-30 23:59:59.9999999,Maturity: SPS HDFC FD 6 - 25TH JULY 2020,,1,1,0,0,-1
8,10,1495,2027-04-30 00:00:00,2027-04-30 00:00:00,9999-12-30 23:59:59.9999999,Lock-in Period expiry for: RBI Bonds 7.75,,2,1,0,0,-1
9,5,1495,2027-04-30 00:00:00,2027-04-30 00:00:00,9999-12-30 23:59:59.9999999,Maturity: RBI Bonds 7.75,,2,1,0,0,-1
10,10,1590,2024-03-22 00:00:00,2024-03-22 00:00:00,9999-12-31 23:59:59.9999999,Locking Period Expired for Mirae Asset Tax Saver Fund-Regular Plan-Growth,,37,1,0,0,-1
11,10,1591,2024-03-22 00:00:00,2024-03-22 00:00:00,9999-12-31 23:59:59.9999999,Locking Period Expired for Mirae Asset Tax Saver Fund-Direct Plan -Growth,,37,1,0,0,-1
12,10,1592,2024-03-23 00:00:00,2024-03-23 00:00:00,9999-12-31 23:59:59.9999999,Locking Period Expired for Axis Long Term Equity Fund - Direct Plan - Growth Option,,37,1,0,0,-1
13,10,1593,2024-03-23 00:00:00,2024-03-23 00:00:00,9999-12-31 23:59:59.9999999,Locking Period Expired for DSP Tax Saver Fund - Direct Plan - Growth,,34,1,0,0,-1
14,5,1810,2027-04-28 00:00:00,2027-04-28 00:00:00,9999-12-30 23:59:59.9999999,Maturity: RBI New,,4,1,0,0,-1
15,5,1838,2050-12-17 00:00:00,2050-12-17 00:00:00,9999-12-30 23:59:59.9999999,Maturity: 6.67 GS 2050,,1,1,0,0,-1
16,5,1839,2031-07-12 00:00:00,2031-07-12 00:00:00,9999-12-30 23:59:59.9999999,Maturity: 6.10 GS 2031,,1,1,0,0,-1
17,5,1900,2036-05-23 00:00:00,2036-05-23 00:00:00,9999-12-30 23:59:59.9999999,Maturity: 7.54 GS 2036,,40,1,0,0,-1
18,5,1901,2035-12-15 00:00:00,2035-12-15 00:00:00,9999-12-30 23:59:59.9999999,Maturity: 6.67 GS 2035,,1,1,0,0,-1
19,5,1902,1951-12-15 00:00:00,1951-12-15 00:00:00,9999-12-30 23:59:59.9999999,Maturity: 6.99 GS 2051,,40,1,0,0,-1
20,10,2945,2027-11-06 00:00:00,2027-11-06 00:00:00,9999-12-30 23:59:59.9999999,Lock-in Period expiry for: TATA AIA,,4,1,0,0,-1
21,5,2945,2034-11-06 00:00:00,2034-11-06 00:00:00,9999-12-30 23:59:59.9999999,Maturity: TATA AIA,,4,1,0,0,-1
22,15,2945,2025-11-06 00:00:00,2025-11-06 00:00:00,9999-12-30 23:59:59.9999999,Premium Date for: TATA AIA,,4,1,365,0,-1
