AMID,ANM,ATYP,GRP,EXINT1,EXTSTR,EXINT2,ISR,ALIAS
1,FUTIDXNIFTY30JAN2014,81,,,,,,
2,OPTIDXNIFTY30JAN2014-6000-CE,81,,,,,,
3,OPTSTKLT30JAN2014-900-PE,81,,,,,,
4,OPTSTKLT26FEB2014-900-PE,81,,,,,,
5,OPTSTKSBIN26FEB2014-1350-PE,81,,,,,,
6,OPTSTKLT27MAR2014-900-PE,81,,,,,,
7,OPTSTKLT24APR2014-1000-PE,81,,,,,,
8,OPTSTKLT24APR2014-1160-PE,81,,,,,,
9,FUTCURUSDINR26APR2013,81,,,,,,
10,FUTCURUSDINR29MAY2013,81,,,,,,
11,FUTCURUSDINR26JUN2013,81,,,,,,
12,FUTCURUSDINR29JUL2013,81,,,,,,
13,FUTCURUSDINR26SEP2013,81,,,,,,
14,FUTCURUSDINR29OCT2013,81,,,,,,
15,FUTCURUSDINR28AUG2013,81,,,,,,
16,FUTCURUSDINR27NOV2013,81,,,,,,
17,FUTCURUSDINR27DEC2013,81,,,,,,
18,FUTCUREURINR26SEP2013,81,,,,,,
19,FUTCUREURINR28AUG2013,81,,,,,,
20,FUTCUREURINR29OCT2013,81,,,,,,
21,OPTCURUSDINR27NOV2013-61-CE,81,,,,,,
22,OPTCURUSDINR27NOV2013-63-PE,81,,,,,,
23,OPTCURUSDINR27DEC2013-62-CE,81,,,,,,
24,OPTCURUSDINR29JAN2014-61-CE,81,,,,,,
25,OPTCURUSDINR29JAN2014-62-CE,81,,,,,,
26,FUTCURUSDINR29JAN2014,81,,,,,,
27,FUTIRC883GS202326FEB2014,81,,,,,,
28,FUTIRC883GS202327MAR2014,81,,,,,,
29,FUTCURUSDINR26FEB2013,81,,,,,,
30,FUTCURUSDINR29JAN2013,81,,,,,,
31,FUTCURUSDINR27DEC2012,81,,,,,,
32,FUTCURUSDINR27NOV2012,81,,,,,,
33,FUTCURUSDINR27MAR2013,81,,,,,,
34,OPTSTKLT29MAY2014-1100-PE,81,,,,,,
35,FUTIRC840GS202424DEC2014,81,,,,,,
36,FUTCURUSDINR25FEB2015,81,,,,,,
37,FUTIRC840GS202426FEB2015,81,,,,,,
38,FUTCUREURINR27MAR2015,81,,,{P}70.2,,,
39,FUTIRC840GS202427NOV2014,81,,,,,,
40,FUTCUREURINR28JAN2015,81,,,,,,
41,FUTCUREURINR25FEB2015,81,,,,,,
42,FUTIRC840GS202429JAN2015,81,,,,,,
43,BSE CM,81,,,,,,
44,FUTSTKTATAMTRDVR27NOV2014,81,,,,,,
45,FUTSTKBIOCON24DEC2014,81,,,,,,
46,FUTSTKBIOCON27NOV2014,81,,,,,,
47,FUTSTKTATAMTRDVR24DEC2014,81,,,,,,
48,0.00,81,,,,,,
49,FUTSTKLT25SEP2014,81,,,,,,
50,OPTSTKBIOCON25SEP2014-480-PE,81,,,,,,
51,OPTSTKLT25SEP2014-1550-PE,81,,,,,,
52,FUTSTKCENTURYTEX25SEP2014,81,,,,,,
53,OPTSTKBIOCON30OCT2014-480-PE,81,,,,,,
54,FUTSTKRPOWER25SEP2014,81,,,,,,
55,FUTSTKRPOWER30OCT2014,81,,,,,,
56,FUTSTKRPOWER28AUG2014,81,,,,,,
57,FUTSTKLT30OCT2014,81,,,,,,
58,FUTSTKLT28AUG2014,81,,,,,,
59,FUTCURUSDINR26NOV2014,81,,,,,,
60,FUTCURUSDINR29OCT2014,81,,,,,,
61,FUTIRC840GS202425SEP2014,81,,,,,,
62,FUTIRC840GS202430OCT2014,81,,,,,,
63,FUTIRC883GS202325SEP2014,81,,,,,,
64,FUTCURUSDINR26SEP2014,81,,,,,,
65,FUTIRC883GS202328AUG2014,81,,,,,,
66,FUTSTKJINDALSTEL24APR2014,81,,,,,,
67,OPTSTKBIOCON29MAY2014-440-PE,81,,,,,,
68,OPTSTKLUPIN29MAY2014-940-PE,81,,,,,,
69,OPTSTKLT29MAY2014-1200-PE,81,,,,,,
70,FUTSTKJISLJALEQS26JUN2014,81,,,,,,
71,FUTSTKRPOWER31JUL2014,81,,,,,,
72,FUTSTKCENTURYTEX31JUL2014,81,,,,,,
73,FUTSTKJISLJALEQS31JUL2014,81,,,,,,
74,FUTSTKCIPLA31JUL2014,81,,,,,,
75,FUTSTKADANIENT31JUL2014,81,,,,,,
76,FUTSTKCIPLA28AUG2014,81,,,,,,
77,FUTSTKADANIENT28AUG2014,81,,,,,,
78,OPTSTKLT26MAR2015-1540-PE,81,,,,,,
79,FUTIRC840GS202426MAR2015,81,,,{P}104.85,,,
80,FUTCURUSDINR26AUG2014,81,,,,,,
81,FUTCUREURINR26AUG2014,81,,,,,,
82,FUTIRC883GS202331JUL2014,81,,,,,,
83,FUTIRC883GS202326JUN2014,81,,,,,,
84,FUTIRC883GS202329MAY2014,81,,,,,,
85,Security (Contract Description),81,,,,,,
86,FUTCUR USDINR 29Jul13,81,,,,,,
87,FUTCUR USDINR 26Sep13,81,,,,,,
88,FUTCUR USDINR 29Oct13,81,,,,,,
89,FUTCUR USDINR 27Nov13,81,,,,,,
90,FUTCUR USDINR 27Dec13,81,,,,,,
91,FUTCUR EURINR 29Oct13,81,,,,,,
92,FUTCUR EURINR 27Nov13,81,,,,,,
93,FUTCUR EURINR 27Dec13,81,,,,,,
94,FUTCUR USDINR 29Jan14,81,,,,,,
95,FUTCUR USDINR 26Feb14,81,,,,,,
96,FUTCUR USDINR 27Mar14,81,,,,,,
97,muthoot NCD,70,,,{P}1010,,,
98,STT,81,,,,,,
99,TOTAL,81,,,,,,
100,OPTSTKPFC29NOV2012-180-CE,81,,,,,,
101,OPTSTKPFC29NOV2012-190-CE,81,,,,,,
102,FUTSTKAPOLLOTYRE31JAN2013,81,,,,,,
103,FUTSTKEXIDEIND31JAN2013,81,,,,,,
104,FUTSTKADANIENT29NOV2012,81,,,,,,
105,OPTSTKHINDALCO29NOV2012-110-CE,81,,,,,,
106,OPTSTKSBIN29NOV2012-2250-CE,81,,,,,,
107,FUTCUR JPYINR 29Oct13,81,,,,,,
108,FUTCUR JPYINR 27Nov13,81,,,,,,
109,FUTCUR USDINR 28Apr14,81,,,,,,
110,FUTCUR EURINR 29Jan14,81,,,,,,
111,FUTCUR USDINR 28May14,81,,,,,,
112,FUTCUR EURINR 25Feb14,81,,,,,,
113,FUTCUR EURINR 26Mar14,81,,,,,,
114,FUTCUR EURINR 28Apr14,81,,,,,,
115,FUTCUR EURINR 28May14,81,,,,,,
116,FUTSTKSBIN28MAR2013,81,,,,,,
117,FUTSTKBANKBARODA28MAR2013,81,,,,,,
118,FUTSTKADANIENT28MAR2013,81,,,,,,
119,FUTSTKADANIENT28FEB2013,81,,,,,,
120,OPTIDXNIFTY28MAR2013-5900-PE,81,,,,,,
121,OPTSTKTATASTEEL28MAR2013-360-CE,81,,,,,,
122,OPTSTKADANIENT28FEB2013-240-CE,81,,,,,,
123,FUTSTKAPOLLOTYRE28FEB2013,81,,,,,,
124,FUTSTKBHEL31JAN2013,81,,,,,,
125,FUTSTKRELIANCE31JAN2013,81,,,,,,
126,FUTSTKHEROMOTOCO31JAN2013,81,,,,,,
127,FUTSTKIGL31JAN2013,81,,,,,,
128,FUTSTKEXIDEIND27DEC2012,81,,,,,,
129,FUTSTKSINTEX31JAN2013,81,,,,,,
130,FUTSTKAPOLLOTYRE27DEC2012,81,,,,,,
131,FUTSTKSINTEX27DEC2012,81,,,,,,
132,FUTSTKPFC29NOV2012,81,,,,,,
133,FUTSTKSTER29NOV2012,81,,,,,,
134,OPTSTKSTER29NOV2012-100-CE,81,,,,,,
135,FUTSTKNTPC29NOV2012,81,,,,,,
136,OPTSTKADANIENT29NOV2012-230-CE,81,,,,,,
137,FUTSTKSBIN29NOV2012,81,,,,,,
138,OPTSTKADANIENT29NOV2012-220-CE,81,,,,,,
139,FUTSTKHINDALCO29NOV2012,81,,,,,,
140,OPTSTKTATASTEEL29NOV2012-380-CE,81,,,,,,
141,OPTSTKSBIN29NOV2012-2200-CE,81,,,,,,
142,OPTSTKNTPC29NOV2012-170-CE,81,,,,,,
143,FUTSTKTATASTEEL29NOV2012,81,,,,,,
144,FUTSTKMARUTI25OCT2012,81,,,,,,
145,FUTSTKNTPC25OCT2012,81,,,,,,
146,FUTSTKTATASTEEL25OCT2012,81,,,,,,
147,FUTSTKHDFC25OCT2012,81,,,,,,
148,FUTSTKPFC25OCT2012,81,,,,,,
149,OPTSTKPFC25OCT2012-190-CE,81,,,,,,
150,FUTSTKSBIN25OCT2012,81,,,,,,
151,FUTSTKBHARTIARTL25OCT2012,81,,,,,,
152,OPTSTKNTPC25OCT2012-170-CE,81,,,,,,
153,FUTSTKDISHTV25OCT2012,81,,,,,,
154,FUTSTKSTER25OCT2012,81,,,,,,
155,FUTSTKRELIANCE25OCT2012,81,,,,,,
156,FUTSTKSBIN25APR2013,81,,,,,,
157,10:52:07,81,,,,,,
158,Buy Value 0,81,,,,,,
159,Net Value.,81,,,,,,
160,OPTSTKJISLJALEQS24APR2014-55-PE,81,,,,,,
161,OPTSTKLT26JUN2014-1440-PE,81,,,,,,
162,FUTCOMALUMINIUM31DEC2012,81,,,,,,
163,FUTCOMALUMINIUM30NOV2012,81,,,,,,
164,FUTCOMALUMINIUM28FEB2013,81,,,,,,
165,FUTCOMALUMINIUM31JAN2013,81,,,,,,
166,FUTCOMNICKEL28JUN2013,81,,,,,,
167,FUTCOMNICKEL31MAY2013,81,,,,,,
168,FUTCOMNICKELM30APR2013,81,,,,,,
169,FUTCOMNICKELM28JUN2013,81,,,,,,
170,FUTCOMALUMINI30APR2013,81,,,,,,
171,FUTCOMALUMINI28MAR2013,81,,,,,,
172,FUTCOMNICKEL28MAR2013,81,,,,,,
173,FUTCOMZINC31JAN2013,81,,,,,,
174,FUTCOMZINC31DEC2012,81,,,,,,
175,FUTCOMALUMINIUM31OCT2012,81,,,,,,
176,FUTCOMZINC30NOV2012,81,,,,,,
177,FUTCOMNICKEL31JUL2013,81,,,,,,
178,FUTCOMNICKEL30AUG2013,81,,,,,,
179,FUTCOMNICKEL30APR2013,81,,,,,,
180,FUTCOMNICKEL31DEC2012,81,,,,,,
181,FUTCOMNICKEL30NOV2012,81,,,,,,
182,FUTCOMNICKELM31MAY2013,81,,,,,,
183,FUTCURUSDINR27MAR2015,81,,,,,,
184,OPTCURUSDINR26APR2013-53.25-PE,81,,,,,,
185,FUTCURGBPINR26SEP2013,81,,,,,,
186,FUTCURGBPINR29OCT2013,81,,,,,,
187,FUTIRC883GS202324APR2014,81,,,,,,
188,muthoot NCD 14sep14 12.25,70,,,,,,
189,Mutooth Fin NCD INE414G07084,70,,,,,,
190,FUTCUREURINR28APR2015,81,,,,,,
191,FUTIRC840GS202430APR2015,81,,,{P}104,,,
192,FUTCURUSDINR28APR2015,81,,,,,,
193,FUTCUREURINR27MAY2015,81,,,{P}73,,,
194,FUTCURUSDINR27MAY2015,81,,,,,,
195,FUTIRC840GS202428MAY2015,81,,,{P}103.37,,,
196,FUTCUREURINR26JUN2015,81,,,{P}71.8,,,
197,FUTCURUSDINR26JUN2015,81,,,{P}64.02,,,
198,FUTCURGBPINR26JUN2015,81,,,{P}99.02,,,
199,FUTIRC840GS202425JUN2015,81,,,{P}102.9,,,
200,FUTIRC772GS202525JUN2015,81,,,{P}99.6,,,
201,FUTCUREURINR29JUL2015,81,,,{P}70.15,,,
202,OPTSTKADANIPOWER29MAY2014-45-PE,81,,,,,,
203,OPTSTKADANIPOWER26JUN2014-50-PE,81,,,,,,
204,FUTIRC772GS202530JUL2015,81,,,{P}99.45,,,
205,FUTCURUSDINR29JUL2015,81,,,,,,
206,FUTCUREURINR27AUG2015,81,,,,,,
207,FUTIRC772GS202527AUG2015,81,,,{P}99.74,,,
208,FUTCURUSDINR27AUG2015,81,,,{P}64.25,,,
209,FUTCURUSDINR28SEP2015,81,,,,,,
210,FUTIRC788GS203027AUG2015,81,,,,,,
211,FUTIRC772GS202524SEP2015,81,,,{P}100.17,,,
212,FUTCUREURINR28SEP2015,81,,,,,,
213,FUTIDXBANKNIFTY24SEP2015,81,,,,,,
214,FUTIRC772GS202529OCT2015,81,,,{P}101.19,,,
215,FUTCUREURINR28OCT2015,81,,,{P}75,,,
216,FUTCURUSDINR28OCT2015,81,,,,,,
217,OPTSTKLT29OCT2015-1350-PE,81,,,,,,
218,FUTIRC772GS202526NOV2015,81,,,{P}100,,,
219,FUTCUREURINR26NOV2015,81,,,{P}71,,,
220,FUTCURUSDINR26NOV2015,81,,,,,,
221,FUTIRC772GS202531DEC2015,81,,,{P}99.65,,,
222,FUTCUREURINR29DEC2015,81,,,,,,
223,FUTCURUSDINR29DEC2015,81,,,,,,
224,FUTCUREURINR27JAN2016,81,,,{P}74.2,,,
225,FUTIRC772GS202528JAN2016,81,,,{P}99.54,,,
226,FUTSTKGLENMARK31DEC2015,81,,,,,,
227,FUTSTKGAIL31DEC2015,81,,,,,,
228,FUTSTKTATASTEEL31DEC2015,81,,,,,,
229,OPTSTKLT31DEC2015-1300-PE,81,,,,,,
230,FUTSTKJINDALSTEL31DEC2015,81,,,,,,
231,FUTSTKHINDALCO31DEC2015,81,,,,,,
232,FUTSTKTATAMOTORS31DEC2015,81,,,,,,
233,FUTSTKBHARATFORG28JAN2016,81,,,,,,
234,FUTSTKRCOM31DEC2015,81,,,,,,
235,FUTCUREURINR25FEB2016,81,,,,,,
236,FUTIRC772GS202525FEB2016,81,,,,,,
237,FUTCURJPYINR27JAN2016,81,,,,,,
238,FUTCUREURINR29MAR2016,81,,,{P}76.04,,,
239,FUTIRC772GS202531MAR2016,81,,,{P}100,,,
240,FUTIDXBANKNIFTY29OCT2015,81,,,,,,
241,FUTIDXNIFTY27AUG2015,81,,,,,,
242,FUTIDXBANKNIFTY25FEB2016,81,,,,,,
243,FUTIDXBANKNIFTY28JAN2016,81,,,,,,
244,FUTSTKSBIN25FEB2016,81,,,,,,
245,FUTSTKSBIN28JAN2016,81,,,,,,
246,FUTSTKTATAMOTORS28JAN2016,81,,,,,,
247,FUTSTKRELCAPITAL28JAN2016,81,,,,,,
248,FUTSTKBANKINDIA25FEB2016,81,,,,,,
249,FUTSTKBANKINDIA28JAN2016,81,,,,,,
250,FUTSTKBANKINDIA31MAR2016,81,,,,,,
251,OPTSTKSBIN25FEB2016-155-PE,81,,,,,,
252,FUTSTKTATAMOTORS25FEB2016,81,,,,,,
253,FUTSTKLT25FEB2016,81,,,,,,
254,FUTSTKRELIANCE25FEB2016,81,,,,,,
255,OPTSTKSBIN25FEB2016-150-PE,81,,,,,,
256,FUTCUREURINR27APR2016,81,,,,,,
257,FUTIRC772GS202528APR2016,81,,,{P}100.55,,,
258,FUTSTKBANKINDIA28APR2016,81,,,{P}98,,,
259,OPTSTKBANKINDIA28APR2016-100-CE,81,,,,,,
260,OPTSTKBANKINDIA31MAR2016-100-CE,81,,,,,,
261,FUTCUREURINR27MAY2016,81,,,{P}76.78,,,
262,FUTCURUSDINR27APR2016,81,,,,,,
263,FUTCURJPYINR27MAY2016,81,,,,,,
264,FUTIRC759GS202626MAY2016,81,,,{P}101.05,,,
265,FUTCURUSDINR27MAY2016,81,,,,,,
266,FUTSTKMARUTI26MAY2016,81,,,,,,
267,FUTSTKBANKINDIA26MAY2016,81,,,,,,
268,FUTIRC772GS202526MAY2016,81,,,{P}100.74,,,
269,FUTCUREURINR28JUN2016,81,,,{P}76,,,
270,FUTIRC759GS202630JUN2016,81,,,{P}100.85,,,
271,FUTIRC772GS202530JUN2016,81,,,{P}100.53,,,
272,FUTSTKTATAMOTORS31MAR2016,81,,,,,,
273,OPTSTKSBIN31MAR2016-145-PE,81,,,,,,
274,FUTIDXBANKNIFTY31MAR2016,81,,,,,,
275,OPTSTKBANKINDIA31MAR2016-100-PE,81,,,,,,
276,OPTSTKTATAMOTORS31MAR2016-340-CE,81,,,,,,
277,FUTSTKBHEL28APR2016,81,,,,,,
278,FUTSTKMARUTI28APR2016,81,,,,,,
279,FUTSTKSBIN28APR2016,81,,,,,,
280,FUTSTKSBIN26MAY2016,81,,,,,,
281,FUTSTKTATAMOTORS26MAY2016,81,,,,,,
282,FUTSTKBANKINDIA30JUN2016,81,,,{P}96,,,
283,FUTSTKTATAMOTORS30JUN2016,81,,,,,,
284,FUTSTKTATAMOTORS28APR2016,81,,,,,,
285,FUTCUREURINR27JUL2016,81,,,,,,
286,FUTIRC759GS202628JUL2016,81,,,{P}101.67,,,
287,FUTCUREURINR29AUG2016,81,,,,,,
288,FUTSTKCENTURYTEX25JUN2015,81,,,,,,
289,FUTCUREURINR28SEP2016,81,,,,,,
290,FUTIRC759GS202629SEP2016,81,,,{P}104.43,,,
291,FUTCUREURINR26OCT2016,81,,,{P}75.5,,,
292,FUTCUREURINR28NOV2016,81,,,{P}75.03,,,
293,FUTIRC759GS202627OCT2016,81,,,{P}104.92,,,
294,FUTIRC788GS203027OCT2016,81,,,{P}107.4,,,
295,FUTIRC759GS202624NOV2016,81,,,{P}106.94,,,
296,FUTCUREURINR28DEC2016,81,,,,,,
297,FUTIRC759GS202629DEC2016,81,,,{P}106.05,,,
298,FUTCUREURINR27JAN2017,81,,,,,,
299,FUTIRC759GS202625JAN2017,81,,,{P}106.35,,,
300,FUTCUREURINR23FEB2017,81,,,,,,
301,FUTIRC759GS202623FEB2017,81,,,{P}103.15,,,
302,PPF PRS,120,,,,,,
303,PPF SPS,120,,,,,,
304,OPTCURUSDINR23FEB2017-69-CE,81,,,,,,
305,FUTCUREURINR29MAR2017,81,,,{P}70.76,,,
306,FUTIRC759GS202630MAR2017,81,,,{P}103.98,,,
307,FUTCUREURINR26APR2017,81,,,,,,
308,FUTIRC759GS202627APR2017,81,,,{P}103.6,,,
309,FUTCUR USDINR May 27 2016 (BT),81,,,,,,
310,FUTIRC 759GS2026 May 26 2016 (BT),81,,,,,,
311,FUTIRC 759GS2026 Jun 30 2016 (BT),81,,,,,,
312,FUTIRC 759GS2026 Jul 28 2016 (BT),81,,,,,,
313,FUTCUR EURINR Jul 27 2016 (BT),81,,,,,,
314,FUTCUR EURINR Aug 29 2016 (BT),81,,,,,,
315,FUTCUREURINR29MAY2017,81,,,,,,
316,FUTIRC759GS202625MAY2017,81,,,{P}104.25,,,
317,FUTIRC759GS202629JUN2017,81,,,{P}104.34,,,
318,FUTCUREURINR28JUN2017,81,,,,,,
319,FUTCUREURINR27JUL2017,81,,,,,,
320,FUTIRC697GS202629JUN2017,81,,,{P}102.12,,,
321,FUTCUREURINR29AUG2017,81,,,{P}76,,,
322,FUTIRC697GS202627JUL2017,81,,,{P}102.38,,,
323,FUTIRC697GS202631AUG2017,81,,,{P}101.6,,,
324,FUTCURUSDINR27JUL2017,81,,,,,,
325,FUTCURGBPINR27JUL2017,81,,,,,,
326,FUTCURJPYINR27JUL2017,81,,,,,,
327,FUTIRC759GS202625AUG2016,81,,,,,,
328,FUTCUREURINR27SEP2017,81,,,,,,
329,FUTIRC679GS202728SEP2017,81,,,{P}101.06,,,
330,FUTIRC679GS202731AUG2017,81,,,,,,
331,FUTIRC697GS202628SEP2017,81,,,{P}100.6,,,
332,FUTCUREURINR27OCT2017,81,,,{P}77.4,,,
333,FUTIRC679GS202726OCT2017,81,,,{P}103,,,
334,FUTCUREURINR28NOV2017,81,,,{P}80.2,,,
335,FUTIRC679GS202730NOV2017,81,,,{P}98.25,,,
336,FUTCUREURINR27DEC2017,81,,,,,,
337,FUTIRC679GS202728DEC2017,81,,,{P}98,,,
338,FUTCUREURINR29JAN2018,81,,,{P}78.2,,,
339,FUTIRC679GS202725JAN2018,81,,,{P}94.2,,,
340,FUTIRC679GS202722FEB2018,81,,,{P}94.5,,,
341,FUTCUREURINR26FEB2018,81,,,,,,
342,FUTCUREURINR26MAR2018,81,,,,,,
343,FUTIRC679GS202728MAR2018,81,,,{P}95.5,,,
344,FUTCUREURINR25APR2018,81,,,,,,
345,FUTIRC668GS203128MAR2018,81,,,,,,
346,FUTIRC717GS202828MAR2018,81,,,,,,
347,FUTIRC679GS202726APR2018,81,,,{P}94.3,,,
348,FUTCUREURINR29MAY2018,81,,,,,,
349,FUTIRC679GS202731MAY2018,81,,,{P}93.4,,,
350,FUTCUREURINR27JUN2018,81,,,,,,
351,FUTIRC679GS202728JUN2018,81,,,{P}92,,,
352,FUTCUREURINR27JUL2018,81,,,,,,
353,UP POWER CORPORATION,70,,,,,,
354,679GS2027 FUTIRC 28JUN2018,81,,,{P}92,,,
355,717GS2028 FUTIRC 28JUN2018,81,,,,,,
356,EURINR FUTCUR 27JUL2018,81,,,,,,
357,EURINR FUTCUR 29AUG2018,81,,,{P}80,,,
358,EURINR FUTCUR 27JUN2018,81,,,,,,
359,717GS2028 FUTIRC 26JUL2018,81,,,,,,
360,717GS2028 FUTIRC 30AUG2018,81,,,{P}94.2,,,
361,EURINR FUTCUR 26SEP2018,81,,,,,,
362,EURINR FUTCUR 29OCT2018,81,,,,,,
363,717GS2028 FUTIRC 27SEP2018,81,,,{P}94,,,
364,717GS2028 FUTIRC 25OCT2018,81,,,{P}97,,,
365,EURINR FUTCUR 28NOV2018,81,,,,,,
366,EURINR FUTCUR 27DEC2018,81,,,{P}79.96,,,
367,717GS2028 FUTIRC 29NOV2018,81,,,{P}96.93,,,
368,EURINR FUTCUR 29JAN2019,81,,,{P}70,,,
369,717GS2028 FUTIRC 27DEC2018,81,,,{P}99.5,,,
370,EURINR FUTCUR 26FEB2019,81,,,,,,
371,717GS2028 FUTIRC 31JAN2019,81,,,{P}97.55,,,
372,717GS2028 FUTIRC 28FEB2019,81,,,{P}97.46,,,
373,EURINR FUTCUR 27MAR2019,81,,,,,,
374,717GS2028 FUTIRC 28MAR2019,81,,,{P}97.91,,,
375,EURINR FUTCUR 26APR2019,81,,,,,,
376,717GS2028 FUTIRC 25APR2019,81,,,{P}98.5,,,
377,EURINR FUTCUR 25APR2019,81,,,,,,
378,EURINR FUTCUR 29MAY2019,81,,,,,,
379,717GS2028 FUTIRC 30MAY2019,81,,,{P}99.3,,,
380,956 SBI PERP,70,,,,,,
381,726GS2029 FUTIRC 27JUN2019,81,,,{P}102.75,,,
382,726GS2029 FUTIRC 30MAY2019,81,,,{P}100.75,,,
383,EURINR FUTCUR 26JUN2019,81,,,,,,
384,EURINR FUTCUR 29JUL2019,81,,,,,,
385,EURINR FUTCUR 28AUG2019,81,,,,,,
386,726GS2029 FUTIRC 25JUL2019,81,,,,,,
387,HDFC BANK FD,95,,,,,,
388,HDFC BANK FD 2,95,,,,,5,
389,HDFC BANK FD 3,95,,,,,,
390,HDFC BANK FD 4,95,,,,,,
391,EURINR FUTCUR 26SEP2019,81,,,,,,
392,EURINR FUTCUR 29OCT2019,81,,,,,,
393,PPF UPS,120,,,,,,
394,EURINR FUTCUR 27NOV2019,81,,,,,,
395,Maruti Udyog Limited -(INE585B01010),81,,,,,,
396,EURINR FUTCUR 27DEC2019,81,,,,,,
397,Srtransfin-(INE721A07NZ0),81,,,,,,
398,EURINR FUTCUR 29JAN2020,81,,,,,,
399,Srtransfin-(INE721A07NX5),81,,,,,,
400,EURINR FUTCUR 26FEB2020,81,,,,,,
401,EURINR FUTCUR 28APR2020,81,,,{P}82.53,,,
402,EURINR FUTCUR 27MAR2020,81,,,{P}82.75,,,
403,EURINR FUTCUR 27MAY2020,81,,,{P}81.7,,,
404,ups fd,95,,,,,5,
405,UPS HDFC FD 1,95,,,,,5,
406,UPS HDFC FD 2,95,,,,,5,
407,UPS HDFC FD 1 - 9TH MAY 2020,95,,,,,5,
408,UPS HDFC FD 1 - 22ND MAY 2020,95,,,,,5,
409,SPS SBI FD 1 - 9TH MAY 2020,95,,,,,5,
410,SPS SBI FD 2 - 22ND MAY 2020,95,,,,,5,
411,SPS SBI FD 3 - 6TH JUNE 2020,95,,,,,5,
412,SPS SBI FD 4 - 21ST JUNE 2020,95,,,,,5,
413,SPS SBI FD 5 - 16TH  JULY 2020,95,,,,,5,
414,UPS HDFC FD 3 - 6TH JUNE 2020,95,,,,,5,
415,UPS HDFC FD 4 - 21ST JUNE 2020,95,,,,,5,
416,PRS SBI FD - 1 - 9TH MAY 2020,95,,,,,5,
417,PRS SBI FD - 2 - 22ND MAY 2020,95,,,,,5,
418,PRS SBI FD - 3 - 6TH JUNE 2020,95,,,,,5,
419,UPS SBI FD 1 - 11TH MAY 2020,95,,,,,5,
420,UPS SBI FD 2 - 23RD MAY 2020,95,,,,,5,
421,UPS SBI FD 3 - 11TH MAY 2020,95,,,,,5,
422,UPS HDFC FD 5,95,,,,,5,
423,UPS HDFC FD 5 - 17 JUNE 2020,95,,,,,5,
424,UPS HDFC FD 5 - 17 JULY 2020,95,,,,,5,
425,SPS HDFC FD 1 - 10TH MAY 2020,95,,,,,5,
426,SPS HDFC FD 2 - 11TH MAY 2020,95,,,,,5,
427,SPS HDFC FD 3 - 10TH MAY 2020,95,,,,,5,
428,SPS SBI FD 6 - 13TH MAY 2020,95,,,,,5,
429,SPS SBI FD 7 -,95,,,,,5,
430,SPS SBI FD 7 - 14TH MAY 2020,95,,,,,5,
431,SPS SBI FD 8 - 15TH MAY 2020,95,,,,,5,
432,SPS SBI FD 7 - 16TH MAY 2020,95,,,,,5,
433,SPS SBI FD 9 - 16TH MAY 2020,95,,,,,5,
434,SPS SBI FD 10 - 17TH MAY 2020,95,,,,,5,
435,SPS HDFC FD 4 - 15TH MAY 2020,95,,,,,5,
436,SPS HDFC FD 5 - 13TH MAY 2020,95,,,,,5,
437,SPS HDFC FD 6 - 25TH JULY 2020,95,,,,,5,
438,SPS HDFC FD 7 - 25TH JULY 2020,95,,,,,5,
439,GBPINR FUTCUR 28APR2020,81,,,{P}95.08,,,
440,UPS SBI FD 4 - 26th June 2020,95,,,,,5,
441,UPS SBI FD 5 - 26TH jUNE  2020,95,,,,,5,
442,SPS SBI FD - 26 JUNE 2020,95,,,,,5,
443,L&T Finance NCD NO 9% 15/04/2024 (ISIN INE027E07AF3),70,,,,,5,
444,SPS HDFC FD - 13TH OCT 2020,95,,,,,5,
445,SPS HDFC FD 2 - 13TH OCT 2020,95,,,,,5,
446,SPS HDFC FD 3 - 13TH OCT 2020,95,,,,,5,
447,UPS HDFC FD 7 - 13TH OCT 2020,95,,,,,5,
448,UPS HDFC FD 6 - 13TH OCT 2020,95,,,,,5,
449,UPS HDFC FD 8 - 13TH OCT 2020,95,,,,,5,
450,PRS HDFC FD 5 - 13TH OCT 2020,95,,,,,5,
451,PRS HDFC FD 6 - 13TH OCT 2020,95,,,,,5,
452,PRS SBI FD 1 - 9TH MAY 2020,95,,,,,5,
453,GBPINR FUTCUR 27MAY2020,81,,,{P}91.83,,,
454,RBI Bonds 7.75,115,,,,,,
455,RBI BOND 7.75 %,70,,,,,5,
456,GBPINR FUTCUR 26JUN2020,81,,,,,,
457,EURINR FUTCUR 26JUN2020,81,,,,,,
458,GBPINR FUTCUR 29JUL2020,81,,,{P}93.15,,,
459,EURINR FUTCUR 29JUL2020,81,,,,,,
460,EURINR FUTCUR 27AUG2020,81,,,{P}88,,,
461,GBPINR FUTCUR 27AUG2020,81,,,{P}98.21,,,
462,EURINR FUTCUR 28SEP2020,81,,,{P}86.1,,,
463,GBPINR FUTCUR 28SEP2020,81,,,{P}94.48,,,
464,EURINR FUTCUR 27OCT2020,81,,,{P}85.98,,,
465,GBPINR FUTCUR 27OCT2020,81,,,{P}96.25,,,
466,Gold,75,,,{P}153,,,
467,EURINR FUTCUR 25NOV2020,81,,,,,,
468,GBPINR FUTCUR 25NOV2020,81,,,,,,
469,EURINR FUTCUR 29DEC2020,81,,,{P}89.79,,,
470,GBPINR FUTCUR 29DEC2020,81,,,{P}98.96,,,
471,GBPINR FUTCUR 30APR2021,81,,,,,,
472,GBPINR FUTCUR 28APR2021,81,,,{P}103.06,,,
473,EURINR FUTCUR 28APR2021,81,,,{P}88.8,,,
474,GBPINR FUTCUR 27MAY2021,81,,,{P}103.2,,,
475,CDSL,81,,,,,,
476,FUTCUREURINR28APR2021,81,,,,,,
477,MTM/Net Value : -98.49,81,,,,,,
478,MTM/Net Value : 360.00,81,,,,,,
479,MTM/Net Value : 912.50,81,,,,,,
480,MTM/Net Value : -545.99,81,,,,,,
481,MTM/Net Value : 180.00,81,,,,,,
482,MTM/Net Value : 3467.50,81,,,,,,
483,MTM/Net Value : -2000.00,81,,,,,,
484,MTM/Net Value : -97.50,81,,,,,,
485,MTM/Net Value : -1282.50,81,,,,,,
486,MTM/Net Value : -1600.00,81,,,,,,
487,MTM/Net Value : -195.00,81,,,,,,
488,MTM/Net Value : -337.50,81,,,,,,
489,MTM/Net Value : 3362.50,81,,,,,,
490,MTM/Net Value : 795.00,81,,,,,,
491,MTM/Net Value : 15912.50,81,,,,,,
492,MTM/Net Value : 2690.00,81,,,,,,
493,MTM/Net Value : 1590.00,81,,,,,,
494,MTM/Net Value : 4187.50,81,,,,,,
495,MTM/Net Value : 2017.50,81,,,,,,
496,MTM/Net Value : 1675.00,81,,,,,,
497,MTM/Net Value : 1310.00,81,,,,,,
498,EURINR FUTCUR 27MAY2021,81,,,{P}89.12,,,
499,EURINR FUTCUR 28JUN2021,81,,,{P}88.2,,,
500,GBPINR FUTCUR 28JUN2021,81,,,{P}102.88,,,
501,USDINR FUTCUR 29MAR2022,81,,,{P}76.52,,,
502,FUTCUREURINR27MAY2021,81,,,,,,
503,MTM/Net Value : 63.07,81,,,,,,
504,FUTCUREURINR28JUN2021,81,,,,,,
505,MTM/Net Value : 1585.57,81,,,,,,
506,FUTCURGBPINR27MAY2021,81,,,,,,
507,MTM/Net Value : 1938.07,81,,,,,,
508,FUTCURGBPINR28JUN2021,81,,,,,,
509,MTM/Net Value : 2005.57,81,,,,,,
510,MTM/Net Value : -23.96,81,,,,,,
511,MTM/Net Value : 946.04,81,,,,,,
512,MTM/Net Value : -949.43,81,,,,,,
513,MTM/Net Value : 2008.07,81,,,,,,
514,MTM/Net Value : 1680.00,81,,,,,,
515,MTM/Net Value : 6247.50,81,,,,,,
516,MTM/Net Value : 2292.50,81,,,,,,
517,MTM/Net Value : 960.00,81,,,,,,
518,MTM/Net Value : -4776.83,81,,,,,,
519,MTM/Net Value : 7180.67,81,,,,,,
520,MTM/Net Value : -919.33,81,,,,,,
521,MTM/Net Value : 3000.67,81,,,,,,
522,MTM/Net Value : 1490.00,81,,,,,,
523,MTM/Net Value : 542.50,81,,,,,,
524,MTM/Net Value : -935.00,81,,,,,,
525,MTM/Net Value : 1980.00,81,,,,,,
526,MTM/Net Value : -4140.00,81,,,,,,
527,MTM/Net Value : 330.00,81,,,,,,
528,MTM/Net Value : -1207.50,81,,,,,,
529,MTM/Net Value : -1020.00,81,,,,,,
530,MTM/Net Value : 9480.00,81,,,,,,
531,MTM/Net Value : 280.00,81,,,,,,
532,MTM/Net Value : 2765.00,81,,,,,,
533,USDINR FUTCUR 27MAY2021,81,,,,,,
534,GBPINR FUTCUR 28JUL2021,81,,,{P}101.81,,,
535,EURINR FUTCUR 28JUL2021,81,,,{P}88.43,,,
536,USDINR OPTCUR 28JUL2021 73 PE,81,,,,,,
537,PPF - Krisha,120,,,,,,
538,EURINR FUTCUR 27AUG2021,81,,,{P}87.13,,,
539,EURINR FUTCUR 28SEP2021,81,,,{P}87.44,,,
540,GBPINR FUTCUR 28SEP2021,81,,,{P}101.81,,,
541,GBPINR FUTCUR 27AUG2021,81,,,{P}101.46,,,
542,NTPC OPTSTK 30SEP2021 125 CE,81,,,,,,
543,BANKNIFTY OPTIDX 15JUL2021 35400 CE,81,,,,,,
544,BANKNIFTY OPTIDX 15JUL2021 35400 PE,81,,,,,,
545,BANKNIFTY OPTIDX 22JUL2021 36000 CE,81,,,,,,
546,BANKNIFTY OPTIDX 22JUL2021 36000 PE,81,,,,,,
547,BANKNIFTY OPTIDX 22JUL2021 35800 CE,81,,,,,,
548,BANKNIFTY OPTIDX 22JUL2021 35800 PE,81,,,,,,
549,NTPC OPTSTK 26AUG2021 100 PE,81,,,,,,
550,FUTCUREURINR28SEP2021,81,,,,,,
551,FUTCURGBPINR28SEP2021,81,,,,,,
552,Qty,81,,,,,,
553,GBPINR FUTCUR 29DEC2021,81,,,{P}100.32,,,
554,EURINR FUTCUR 27JAN2022,81,,,{P}84.34,,,
555,EURINR FUTCUR 26NOV2021,81,,,{P}83.92,,,
556,GBPINR FUTCUR 27OCT2021,81,,,{P}103.15,,,
557,BANKNIFTY OPTIDX 08JUL2021 35000 CE,81,,,,,,
558,BANKNIFTY OPTIDX 08JUL2021 35000 PE,81,,,,,,
559,NIFTY OPTIDX 08JUL2021 15700 CE,81,,,,,,
560,NIFTY OPTIDX 08JUL2021 15700 PE,81,,,,,,
561,BANKNIFTY OPTIDX 08JUL2021 34800 PE,81,,,,,,
562,BANKNIFTY OPTIDX 08JUL2021 35200 CE,81,,,,,,
563,BANKNIFTY OPTIDX 15JUL2021 35000 PE,81,,,,,,
564,BANKNIFTY OPTIDX 15JUL2021 35300 CE,81,,,,,,
565,BANKNIFTY FUTIDX 29JUL2021,81,,,,,,
566,BANKNIFTY OPTIDX 08JUL2021 35600 PE,81,,,,,,
567,BANKNIFTY OPTIDX 08JUL2021 35800 CE,81,,,,,,
568,BANKNIFTY OPTIDX 08JUL2021 35800 PE,81,,,,,,
569,NIFTY OPTIDX 15JUL2021 15900 CE,81,,,,,,
570,NIFTY OPTIDX 15JUL2021 15900 PE,81,,,,,,
571,NTPC FUTSTK 28OCT2021,81,,,,,,
572,NTPC OPTSTK 28OCT2021 125 CE,81,,,,,,
573,BANKNIFTY OPTIDX 15JUL2021 35600 CE,81,,,,,,
574,BANKNIFTY OPTIDX 15JUL2021 35600 PE,81,,,,,,
575,BANKNIFTY OPTIDX 15JUL2021 35000 CE,81,,,,,,
576,BANKNIFTY OPTIDX 15JUL2021 35300 PE,81,,,,,,
577,BANKNIFTY OPTIDX 15JUL2021 34800 PE,81,,,,,,
578,BANKNIFTY OPTIDX 15JUL2021 35700 CE,81,,,,,,
579,NTPC OPTSTK 29JUL2021 100 PE,81,,,,,,
580,NTPC OPTSTK 29JUL2021 130 CE,81,,,,,,
581,HDFC OPTSTK 28OCT2021 3300 CE,81,,,{P}0.5,,,
582,BANKNIFTY OPTIDX 08JUL2021 35500 CE,81,,,,,,
583,BANKNIFTY OPTIDX 08JUL2021 35500 PE,81,,,,,,
584,NTPC OPTSTK 28OCT2021 130 CE,81,,,{P}12,,,
585,BANKNIFTY OPTIDX 08JUL2021 35100 CE,81,,,,,,
586,BANKNIFTY OPTIDX 08JUL2021 35300 CE,81,,,,,,
587,BANKNIFTY OPTIDX 08JUL2021 35300 PE,81,,,,,,
588,BANKNIFTY OPTIDX 08JUL2021 34300 PE,81,,,,,,
589,BANKNIFTY OPTIDX 08JUL2021 35200 PE,81,,,,,,
590,GBPINR FUTCUR 27JAN2022,81,,,{P}100.93,,,
591,RBI New,70,,,,,,
592,RBI 900,70,,,,,,
593,RBI 400,70,,,,,,
594,RBI 800,70,,,,,,
595,RBI 900 U,70,,,,,,
596,RBI 800 HUF,70,,,,,,
597,HDFC OPTSTK 25NOV2021 3400 CE,81,,,,,,
598,T Bill 24/11/22,70,,,,,,
599,Bajaj Finserv 1,95,,,,,,
600,Bajaj Finserv FD 1,95,,,,,,
601,Bajaj Finserv UPS FD 1,95,,,,,,
602,HDFC FD SPS 1,95,,,,,,
603,gbp,81,,,,,,
604,gbpinr mar,81,,,{P}102,,,
605,eurinr mar,81,,,{P}85.08,,,
606,772GS2055,70,,,,,,
607,6.67 GS 2050,115,,,,,,
608,6.10 GS 2031,115,,,,,,
609,FUTCUREURINR28JUN2022,81,,,{P}81.35,,,
610,7.72 GS 2055,115,,,,,,
611,FUTCUREURINR29MAR2022,81,,,,,,
612,FUTCURGBPINR28JUN2022,81,,,{P}96.53,,,
613,FUTCURGBPINR29MAR2022,81,,,,,,
614,FUTCURUSDINR24FEB2023,81,,,{P}78.83,,,
615,FUTCUREURINR24FEB2022,81,,,,,,
616,FUTCUREURINR27JAN2022,81,,,,,,
617,FUTCURGBPINR24FEB2022,81,,,,,,
618,FUTCURGBPINR27JAN2022,81,,,,,,
619,FUTCURGBPINR29DEC2021,81,,,,,,
620,FUTCUREURINR29APR2022,81,,,{P}84.5,,,
621,FUTCUREURINR27AUG2021,81,,,,,,
622,FUTCUREURINR28JUL2021,81,,,,,,
623,FUTCURGBPINR28JUL2021,81,,,,,,
624,FUTCURGBPINR27AUG2021,81,,,,,,
625,FUTCUREURINR26NOV2021,81,,,,,,
626,FUTCURGBPINR27OCT2021,81,,,,,,
627,FUTCURGBPINR28APR2021,81,,,,,,
628,OPTSTKNTPC29JUL2021 CE 130,81,,,,,,
629,OPTSTKNTPC29JUL2021 PE 100,81,,,,,,
630,OPTCURUSDINR28JUL2021 PE 73,81,,,,,,
631,FUTCUR USDINR 24FEB23,81,,,{P}82.26,,,
632,FUTCUR EURINR 28JUN22,81,,,{P}81.72,,,
633,FUTCUR GBPINR 28JUN22,81,,,{P}98.35,,,
634,6.65 GS 2035,115,,,,,,
635,FUTCUR EURINR 26AUG22,81,,,{P}81.4,,,
636,FUTCUR GBPINR 26AUG22,81,,,{P}94.33,,,
637,7.54 GS 2036,115,,,,,,
638,6.67 GS 2035,115,,,,,,
639,6.99 GS 2051,115,,,,,,
640,364 D T Bill 22-Jun-2023 IN002022Z127,70,,,,,,
641,FUTCUR EURINR 28SEP22,81,,,{P}78.73,,,
642,FUTCUR GBPINR 27OCT22,81,,,{P}91.27,,,
643,FUTCUR EURINR 27OCT22,81,,,{P}80.1,,,
644,FUTCUR GBPINR 28SEP22,81,,,{P}91.76,,,
645,FUTCUR GBPINR 28NOV22,81,,,{P}98.85,,,
646,FUTCUR EURINR 28NOV22,81,,,{P}85.27,,,
647,FUTCURGBPINR28NOV2022,81,,,{P}98.85,,,
648,FUTCUREURINR28NOV2022,81,,,{P}85.27,,,
649,FUTCUREURINR27OCT2022,81,,,{P}80.1,,,
650,FUTCURGBPINR27OCT2022,81,,,{P}95.43,,,
651,FUTCURGBPINR28DEC2022,81,,,{P}100.33,,,
652,FUTCUREURINR28DEC2022,81,,,{P}87.52,,,
653,FUTCUR GBPINR 28DEC22,81,,,{P}100.33,,,
654,FUTCUR EURINR 28NOV22  (*),81,,,,,,
655,FUTCUR EURINR 28DEC22,81,,,{P}87.52,,,
656,FUTCUR EURINR 27JAN23,81,,,{P}87.15,,,
657,FUTCUR GBPINR 27JAN23,81,,,{P}98.65,,,
658,FUTCUR EURINR 28DEC22  (*),81,,,,,,
659,FUTCUR GBPINR 28DEC22  (*),81,,,,,,
660,FUTCUR USDINR 24FEB23  (*),81,,,,,,
661,FUTCUREURINR27JAN2023,81,,,{P}87.15,,,
662,FUTCURGBPINR27JAN2023,81,,,{P}98.65,,,
663,FUTCUREURINR24FEB2023,81,,,{P}87.68,,,
664,Alwin Pinto PPF,120,,,,,,
665,Glydys Pinto PPF,120,,,,,,
666,FUTCUR EURINR 24FEB23,81,,,{P}86.66,,,
667,FUTCUR GBPINR 24FEB23,81,,,{P}99.48,,,
668,FUTCURGBPINR24FEB2023,81,,,{P}99,,,
669,FUTCUR USDINR 26APR23,81,,,{P}82.44,,,
670,FUTCUREURINR28MAR2023,81,,,{P}86.66,,,
671,FUTCURGBPINR28MAR2023,81,,,{P}97.29,,,
672,FUTCUR EURINR 28MAR23,81,,,{P}89.57,,,
673,FUTCUR GBPINR 28MAR23,81,,,{P}101.05,,,
674,FUTCUREURINR26APR2023,81,,,{P}89.57,,,
675,FUTCURGBPINR26APR2023,81,,,{P}101.89,,,
676,FUTCUR EURINR 26APR23,81,,,{P}89.57,,,
677,FUTCUR GBPINR 26APR23,81,,,{P}101.89,,,
678,FUTCUR EURINR 28MAR23  (*),81,,,,,,
679,FUTCUREURINR29MAY2023,81,,,,,,
680,FUTCURUSDINR29MAY2023,81,,,,,,
681,EPF - Salary,120,,,,,,
682,FUTCURGBPINR29MAY2023,81,,,,,,
683,FUTCUR EURINR 29MAY23,81,,,,,,
684,FUTCUREURINR27JUN2023,81,,,{P}89.61,,,
685,FUTCURGBPINR27JUN2023,81,,,{P}103.48,,,
686,FUTCURUSDINR27JUN2023,81,,,{P}82.5,,,
687,FUTCUR EURINR 27JUN23,81,,,{P}88.95,,,
688,OPTIDXNIFTY08JUN2023 CE 18750,81,,,,,,
689,OPTIDXNIFTY08JUN2023 CE 18850,81,,,,,,
690,OPTIDXNIFTY08JUN2023 CE 19000,81,,,,,,
691,OPTIDXNIFTY08JUN2023 PE 18250,81,,,,,,
692,OPTIDXNIFTY08JUN2023 PE 18350,81,,,,,,
693,FUTCURGBPINR27JUL2023,81,,,{P}104.9,,,
694,FUTCUREURINR27JUL2023,81,,,{P}90.5,,,
695,7.36 GS 2052,115,,,,,,
696,FUTCURUSDINR27JUL2023,81,,,{P}81.8,,,
697,OPTIDXNIFTY06JUL2023 CE 19050,81,,,,,,
698,OPTIDXNIFTY06JUL2023 CE 19200,81,,,,,,
699,OPTIDXNIFTY06JUL2023 PE 18600,81,,,,,,
700,OPTIDXNIFTY06JUL2023 PE 18700,81,,,,,,
701,OPTIDXNIFTY27JUL2023 PE 18500,81,,,,,,
702,OPTIDXNIFTY27JUL2023 PE 18900,81,,,,,,
703,OPTIDXNIFTY06JUL2023 CE 19250,81,,,,,,
704,OPTIDXNIFTY06JUL2023 CE 19300,81,,,,,,
705,OPTIDXNIFTY06JUL2023 PE 18800,81,,,,,,
706,OPTIDXNIFTY06JUL2023 PE 18950,81,,,,,,
707,OPTIDXNIFTY06JUL2023 PE 19000,81,,,,,,
708,OPTIDXNIFTY06JUL2023 PE 19050,81,,,,,,
709,OPTIDXNIFTY27JUL2023 CE 19250,81,,,,,,
710,OPTIDXNIFTY27JUL2023 CE 19400,81,,,,,,
711,OPTIDXNIFTY27JUL2023 PE 19050,81,,,,,,
712,OPTIDXNIFTY06JUL2023 CE 19450,81,,,,,,
713,OPTIDXNIFTY06JUL2023 PE 18000,81,,,,,,
714,OPTIDXNIFTY06JUL2023 PE 19200,81,,,,,,
715,OPTIDXNIFTY27JUL2023 CE 19700,81,,,,,,
716,FUTCUR EURINR 27JUL23,81,,,{P}92,,,
717,FUTCURGBPINR29AUG2023,81,,,{P}105,,,
718,OPTIDX NIFTY 28APR22 15500.00 PE,81,,,,,,
719,OPTIDX NIFTY 28APR22 16000.00 PE,81,,,,,,
720,OPTIDX NIFTY 28APR22 18000.00 CE,81,,,,,,
721,OPTIDX NIFTY 28APR22 18500.00 CE,81,,,,,,
722,Edelweiss NCD,70,,,,,,
723,IIFL NCD,70,,,,,,
724,FUTCUREURINR29AUG2023,81,,,{P}90.7,,,
725,FUTCURUSDINR29AUG2023,81,,,{P}82.8,,,
726,7.30 GS 2053,115,,,,,,
727,FUTCUREURINR26SEP2023,81,,,{P}88.47,,,
728,FUTCURGBPINR26SEP2023,81,,,{P}102.45,,,
729,FUTCURUSDINR26SEP2023,81,,,{P}83.12,,,
730,FUTCUREURINR27OCT2023,81,,,{P}87.75,,,
731,FUTCURGBPINR27OCT2023,81,,,{P}100.57,,,
732,FUTCURUSDINR27OCT2023,81,,,{P}83.33,,,
733,Gold Physical,75,,,{P}5900,,,
734,Cash,75,,,,,,
735,Outstanding,115,,,,,,
736,Outstanding Creative,75,,,{P}2000000,,,
737,FUTCUREURINR28NOV2023,81,,,,,,
738,FUTCURGBPINR28NOV2023,81,,,,,,
739,FUTCURUSDINR28NOV2023,81,,,,,,
740,Edelweiss NCD 2,70,,,,,,
741,FUTCUREURINR27DEC2023,81,,,,,,
742,FUTCURGBPINR27DEC2023,81,,,,,,
743,FUTCURUSDINR27DEC2023,81,,,,,,
744,OPTIDXNIFTY06JUL2023 PE 18450,81,,,,,,
745,OPTIDXNIFTY27JUL2023 CE 19100,81,,,,,,
746,OPTIDXNIFTY28JUN2023 CE 18900,81,,,,,,
747,OPTIDXNIFTY28JUN2023 PE 18000,81,,,,,,
748,OPTIDXNIFTY28JUN2023 PE 18550,81,,,,,,
749,Muthoot NCD 2,70,,,,,,
750,TATA AIA,140,,,,,,
751,MLD,70,,,,,,
752,Silver,77,,,{P}2600,,,
753,Gold R,75,,,{P}153,,,
754,Silver R,77,,,{P}2600,,,
755,Chennai Super Kings,66,,,{P}300,,,
