SettingType,ClientID,GenrSettingValue,Image
22,-1,5251-CB0E-8725-1F43,
31,-1,26/02/2015,
9,-1,27,
14,-1,1,
24,1,0,
33,1,9,
24,-1,112,
16,-1,136,
15,-1,0,
25800,1,"prs13031963,13031963,12345678,AAIPS3625H,123456,",
91980,1,,
24,2,0,
33,2,6,
24,3,0,
33,3,0,
32,-1,DO,
18,-1,,
19,-1,,
20,-1,,
21,-1,,
23,-1,,
34,1,11/04/17 15:13:49,
66660,1,,
26380,1,"13031963,",
11050,1,"13031963,",
11100,1,"PRAMAAIP,",
1,-1,-?=?D??X ??X8?k,
13,-1,,
34,2,18/11/17 12:21:27,
40,-1,ss5jhcepDYDBlt6qfMpzBcuQgbs0lr4+,
41,1,,
41,2,,
41,-1,prameshshah@gmail.com,
50,-1,NO,
42,-1,vm173L+4cf5DxmpJ1xrr7g==,
57,-1,Y,
97540,1,"120229240,217102051,",
97640,1,"120229240,217102051,",
32200,1,"aaips3624g,AAIPS3625H,cgtps8217e,aaips3625h,",
101120,1,"AAIPS3625H,",
100440,1,"AAIPS3625H,",
57440,1,"CGTPS8217E,",
56790,1,"CGTPS8217E,",
56770,1,"CGTPS8217E,AAIPS3624G,BVDPM4828B,",
17,-1,,b'\x00'
210250,1,"BVDPM4828B,CGTPS8217E,AAIPS3624G,",
84715,1,"CGTPS8217E,",
84755,1,"CGTPS8217E,",
87295,1,"AAIPS3625H,",
87290,1,"AAIPS3625H,",
216845,1,"AAIPS3625H,",
210130,-1,"BVDPM4828B,",
217290,-1,"BVDPM4828B,AAIPS3624G,CGTPS8217E,",
87295,-1,"AAIPS3625H,AAIPS3624G,BVDPM4828B,",
216845,-1,"AAIPS3625H,BVDPM4828B,",
25800,-1,"prs13031963,13031963,12345678,AAIPS3625H,a12345678,a12345679,123456,Aa1@123456,mgala81,Pp1@123456,Gpress@16,gpress16,manan123,sagar@123,Pp1@130319,130319,",
104905,1,"97770586,",
102155,1,"97770586,",
91280,1,"97770586,",
100820,1,"97770586,",
97580,1,"97770586,97771759,97771757,",
222500,-1,"Aa1@123456,",
68,-1,,
70,-1,,
69,-1,,
224420,-1,"CGTPS8217E,AAIPS3624G,BVDPM4828B,",
226135,-1,"AAIPS3625H,",
74,-1,01/04/25,
102000,1,"120229240,",
227760,-1,"AARHP2206E,",
230855,-1,"AARHP2206E,",
227480,-1,"BVDPM4828B,",
