Name,Descr,ID,Type,UsageCount,AssetType,URL,PortfolioType,KeyWord1,RowNo1,ColNo1,KeyWord2,RowNo2,ColNo2,BRKRID,TmplInfo,Flags,ModifiedDate,Comments,TextProc
MF_CAS_PDF,Consolidated Account Statement - PDF,15800,TR_ALL,10,60,,ALL,Consolidated Account Statement,0,0,,0,0,,"Consolidated Account Statement (CAS)
CAMS, Karvy & Frankin Templeton

Format: PDF
Version: 1.41

Link to request a CAS file (select ""Detailed"" statement type):
1.Go to https://www.camsonline.com/Default.aspx
2. Click on Investor Services.
3. From left panel click on Mailback Services > CAS - CAMS + Karvy + FTAMIL + SBFS

Detailed info on getting a CAS file:
https://help.mprofit.in/support/solutions/articles/82000002917-how-can-i-request-and-import-my-cas-statement-from-cams-online

The CAS file from Karvy will NOT work, use the CAS file requested from CAMS.
","PDF_v1,FNUM_PF_MAP,UTF8,M_AWS_G",2025-12-22 00:00:00,"Added condition in DTSTM - 00.',01.',02.',03.',.. and so on to resolved 'Error : Date not valid : May 2018.'
- 08-09-2020


As discussed with kiran sir - 14-04-2021
IDCW Paid @ - 62
IDCW @ - 62
IDCW Sweep Out - 62
IDCW Sweep In - 20 ",PLVL~2.7~PTRN~4:26-112:N:Opening:Closing
Indian_Overseas_Bank_PDF,Indian Overseas Bank - PDF (website),81500,BNK,-1,0,,ONE,CHQ,0,0,,,,-1,"Indian Overseas Bank
Account Statement

Format: PDF
Version: 1.02

Note:
This statement needs to be downloaded from the IOB website.

Image of Sample PDF File:
http://www.mprofit.in/import/Indian_Overseas_Bank_PDF_Sample.png
","UTF8,PDF_v1",2025-06-16 00:00:00,,
IDBI_Bank_PDF_v3,IDBI Bank - PDF (v3),87580,BNK,-1,0,,ONE,IDBI,0,0,,,,-1,"IDBI Bank 
Account Statement

Format: PDF
Version: 3.02

Image of Sample PDF File: http://mprofit.in/import/IDBI_Bank_PDF_v3_Sample.PNG",PDF_v1,2023-03-27 13:03:55.2590716,, 
Kotak_Bank_PDF_v5,Kotak Bank - PDF (v5),92000,BNK,-1,0,,ONE,Account ,0,0,,,,-1,"Kotak Mahindra Bank

Format: PDF
Version: 5.05

Sample:
http://www.mprofit.in/import/Kotak_Bank_PDF_v5_Sample_1.PNG","PDF_v1,PDF_RMP",2025-04-07 00:00:00,"Change table defination from 232 to 230

Change Version: 5.02 To Version: 5.03", 
IDFC_First_Bank_PDF_v4,IDFC First Bank - PDF (v4),92205,BNK,-1,0,,ONE,ID,0,0,,,,-1,"IDFC First Bank
Account Statement

Format: PDF
Version: 4.05

Image of Sample PDF File:
http://www.mprofit.in/import/IDFC_First_Bank_PDF_v4_Sample.png

",PDF_v1,2025-06-02 00:00:00,, 
IDBI_Bank_PDF_v6,IDBI Bank - PDF (v6),94905,BNK,-1,0,,ONE,IDBI,0,0,,,,-1,"IDBI Bank 
Account Statement

Format: PDF
Version: 6.00

Image of Sample PDF File: https://www.mprofit.in/import/IDBI_Bank_PDF_v6_Sample.png",PDF_v1,2022-09-26 00:00:00,,
Kotak_Bank_PDF_v6,Kotak Bank - PDF (v6),95090,BNK,-1,0,,ONE,Account,0,0,,,,-1,"Kotak Mahindra Bank
Account Statement

Format: PDF
Version: 6.00

Sample:
https://www.mprofit.in/import/Kotak_Bank_PDF_v6_Sample.png",PDF_v1,2025-11-30 12:03:08.5710835,, 
RK_Global_c_HTML_v5,RK Global (v5),200950,EQCN,5,50,,ONE,R K GLOBAL SHARES,0,0,,,,121,"R K GLOBAL SHARES AND SECURITIES LTD.

Exchange: NSE/BSE
Format: HTML
Version: 5.01

For contract notes issued AFTER April 1st, 2022

Image of Sample HTML File:
https://www.mprofit.in/import/RK_Global_c_HTML_v5_Sample.png","M_AWS_G,BSE_CODE",2024-06-17 00:00:00,, 
Mirae_Asset_PDF_cash_c_v2,Mirae Asset - PDF (v2),206845,EQCN,5,50,,ONE,Mirae Asset,0,0,,,,121,"Mirae Asset Capital Markets (India) Private Limited

Exchange: NSE/BSE
Format: PDF
Version: 2.02

Image of Sample PDF File:
https://www.mprofit.in/import/Mirae_Asset_PDF_cash_c_v2_Sample.png
","PDF_v1,M_AWS_G,BSE_CODE",2023-08-25 00:00:00,"1. Added a new keyword ""NCL     CAPITAL"" for reading the transaction charges.
2.Changed the TBL definition.
3. Checked the old file imported properly.", 
Zerodha_Sec_Daily_Email_CN_PDF_v7,Zerodha Sec. Daily Email CN - PDF (v7),214420,EQCN,5,50,,ONE,Zerodha,0,0,,,,4,"Zerodha Securities Ltd.

Exchange: NSE/BSE
Format: PDF
Version: 7.04

Notes: 
- Use this template to import contract notes received in daily email AFTER 1st,August 2024. 
- Brokerage is not mentioned in the brokerage column, it will be read from the charges table under transaction charges.

Image of Sample PDF File 1: 
https://mprofit.in/import/Zerodha_Sec_Daily_Email_CN_PDF_v7_Sample1.png

Image of Sample PDF File 2: 
https://mprofit.in/import/Zerodha_Sec_Daily_Email_CN_PDF_v7_Sample2.png","PDF_v1,M_AWS_G,BSE_CODE",2025-09-15 00:00:00,"Changed 00:00:00 in dummy  ignore to 0       00:00:00,0      00:00:00,0        00:00:00",PLVL
RK_Global_HTML_v6,RK Global (v6),214670,EQCN,5,50,,ONE,R K GLOBAL,0,0,,,,4,"R K GLOBAL SHARES AND SECURITIES LTD.

Exchange: NSE/BSE
Format: HTML
Version: 6.00

For contract notes issued AFTER Aug 1st, 2024.

Image of Sample HTML File:
https://www.mprofit.in/import/RK_Global_HTML_v6_Sample.png",M_AWS_G,2024-09-17 10:20:21.2367751,,
Mirae_Asset_PDF_v3,Mirae Asset - PDF (v3),216135,EQCN,5,50,,ONE,Mirae Asset,0,0,,,,4,"Mirae Asset Capital Markets (India) Private Limited

Exchange: NSE/BSE
Format: PDF
Version: 3.06

For contract notes issued AFTER December, 2024.

Image of Sample PDF File:
https://www.mprofit.in/import/Mirae_Asset_PDF_v3_Sample.png","PDF_v1,M_AWS_G",2025-07-30 00:00:00,,
Zerodha_Sec_Daily_Email_CN_PDF_v8,Zerodha Sec. Daily Email CN - PDF (v8),217480,EQCN,5,50,,ONE,Zerodha,0,0,,,,4,"Zerodha Securities Ltd.

Exchange: NSE/BSE
Format: PDF
Version: 8.02

Notes: 
- Use this template to import contract notes received in daily email AFTER    8th,April 2025. 
- In this format brokerage will be shown in brokerage column.
- These files come with a password.

Image of Sample PDF File: 
https://mprofit.in/import/Zerodha_Sec_Daily_Email_CN_PDF_v8_Sample.png


","PDF_v1,M_AWS_G,BSE_CODE",2026-05-05 13:55:39.1954687,,PLVL
Moneylicious_Securities_PDF_v6,Moneylicious/Raise Securities - PDF (v6),220855,EQCN,5,50,,ONE,"[OR,Moneylicious,Raise]",0,0,,,,4,"Moneylicious/Raise Securities Pvt .Ltd

Exchange: NSE/BSE
Format: PDF
Version: 6.02

For contract notes issued AFTER 1st,September 2025.

Image of Sample PDF File:
https://www.mprofit.in/import/Moneylicious_Securities_PDF_v6_Sample.png
","M_AWS_G,BSE_CODE,PDF_PY",2026-03-20 09:22:56.7179343,-Read all charges with keyword 'NSE DLY'as new keyword.,
RK_Global_FNO_v6,RK Global - F&O (v6),801105,EQCN,130,30,,ONE,R K GLOBAL,0,0,,,,4,"R K GLOBAL SHARES AND SECURITIES LTD.

Exchange: NSE F&O
Format: HTML
Version: 6.01

For contract notes issued AFTER August 1st, 2024.

Image of Sample HTML File:
https://www.mprofit.in/import/RK_Global_FNO_v6_Sample.png",,2025-10-30 00:00:00,,
