Type,Group,Ledger,Debit,Credit,Net Balance
"ASSET","Assets","Advance Mediclaim",7193.00,7193.00,0.00
"ASSET","Assets","Canara HSBC Life Insurance",250000.00,0.00,250000.00
"ASSET","Assets","Creative Packaging",55000.00,55000.00,0.00
"ASSET","Assets","Creative Printers",24286274.49,24607999.00,-321724.51
"ASSET","Assets","Dharampur House Deposit",787500.00,0.00,787500.00
"ASSET","Assets","Jewellery",48750.00,0.00,48750.00
"ASSET","Assets","Loan To Bijal",50000.00,50000.00,0.00
"ASSET","Assets","MG Car",206960.00,0.00,206960.00
"ASSET","Assets -> Current Assets","Accounts Receivable",9120.00,9120.00,0.00
"ASSET","Assets -> Current Assets","Accrued Interest",890.00,890.00,0.00
"ASSET","Assets -> Current Assets","Asset Switch / Renewal / Demerger",1757710.19,1757710.19,0.00
"ASSET","Assets -> Current Assets","Cash on Hand",867783.15,701499.00,166284.15
"ASSET","Assets -> Current Assets","TDS",24517.00,24517.00,0.00
"ASSET","Assets -> Current Assets","Unassigned Bank/Ledger",35000.00,35000.00,0.00
"ASSET","Assets -> Current Assets -> Banks","BOM",19897.24,17741.60,2155.64
"ASSET","Assets -> Current Assets -> Banks","HDFC Bank (A/c. No. - 00201000054356)",3704751.73,3704751.73,0.00
"ASSET","Assets -> Current Assets -> Banks","IDBI Bank (A/c. No. - 0409104000111713)",176610.00,176610.00,0.00
"ASSET","Assets -> Current Assets -> Banks","IDFC BANK (A/c. No. 10055506177)",25949221.56,25744281.46,204940.10
"ASSET","Assets -> Current Assets -> Banks","Jio Bank",134972.57,127943.78,7028.79
"ASSET","Assets -> Current Assets -> Banks","Kotak Bank (A/c. No. - 1712151141)",90353675.41,70149907.45,20203767.96
"ASSET","Assets -> Current Assets -> Banks","SBI Bank (A/c. No. - 39223253916)",4119656.02,4119208.27,447.75
"ASSET","Assets -> Investments -> Deposits/Loans","7.72 GS 2055",85023.56,0.00,85023.56
"ASSET","Assets -> Investments -> FDs","Bajaj Finserv 1",50000.00,50000.00,0.00
"ASSET","Assets -> Investments -> FDs","HDFC FD SPS 1",50000.00,50000.00,0.00
"ASSET","Assets -> Investments -> FDs","SPS HDFC FD - 13TH OCT 2020",100000.00,100000.00,0.00
"ASSET","Assets -> Investments -> FDs","SPS HDFC FD 1 - 10TH MAY 2020",100000.00,100000.00,0.00
"ASSET","Assets -> Investments -> FDs","SPS HDFC FD 2 - 11TH MAY 2020",100000.00,100000.00,0.00
"ASSET","Assets -> Investments -> FDs","SPS HDFC FD 2 - 13TH OCT 2020",100000.00,100000.00,0.00
"ASSET","Assets -> Investments -> FDs","SPS HDFC FD 3 - 10TH MAY 2020",145000.00,145000.00,0.00
"ASSET","Assets -> Investments -> FDs","SPS HDFC FD 3 - 13TH OCT 2020",100000.00,100000.00,0.00
"ASSET","Assets -> Investments -> FDs","SPS HDFC FD 4 - 15TH MAY 2020",50000.00,50000.00,0.00
"ASSET","Assets -> Investments -> FDs","SPS HDFC FD 5 - 13TH MAY 2020",100000.00,100000.00,0.00
"ASSET","Assets -> Investments -> FDs","SPS HDFC FD 6 - 25TH JULY 2020",200000.00,200000.00,0.00
"ASSET","Assets -> Investments -> FDs","SPS HDFC FD 7 - 25TH JULY 2020",50000.00,50000.00,0.00
"ASSET","Assets -> Investments -> FDs","SPS SBI FD - 26 JUNE 2020",200000.00,200000.00,0.00
"ASSET","Assets -> Investments -> FDs","SPS SBI FD 1 - 9TH MAY 2020",100000.00,100000.00,0.00
"ASSET","Assets -> Investments -> FDs","SPS SBI FD 10 - 17TH MAY 2020",105000.00,105000.00,0.00
"ASSET","Assets -> Investments -> FDs","SPS SBI FD 2 - 22ND MAY 2020",100000.00,100000.00,0.00
"ASSET","Assets -> Investments -> FDs","SPS SBI FD 3 - 6TH JUNE 2020",100000.00,100000.00,0.00
"ASSET","Assets -> Investments -> FDs","SPS SBI FD 4 - 21ST JUNE 2020",100000.00,100000.00,0.00
"ASSET","Assets -> Investments -> FDs","SPS SBI FD 5 - 16TH  JULY 2020",95000.00,95000.00,0.00
"ASSET","Assets -> Investments -> FDs","SPS SBI FD 6 - 13TH MAY 2020",100000.00,100000.00,0.00
"ASSET","Assets -> Investments -> FDs","SPS SBI FD 7 - 14TH MAY 2020",100000.00,100000.00,0.00
"ASSET","Assets -> Investments -> FDs","SPS SBI FD 8 - 15TH MAY 2020",100000.00,100000.00,0.00
"ASSET","Assets -> Investments -> FDs","SPS SBI FD 9 - 16TH MAY 2020",100000.00,100000.00,0.00
"ASSET","Assets -> Investments -> Mutual Funds(Debt)","Aditya Birla Sun Life Liquid Fund - Growth - Direct Plan (1038388967)",700000.00,700000.00,0.00
"ASSET","Assets -> Investments -> Mutual Funds(Debt)","Aditya Birla Sun Life Savings Fund - Growth - Direct Plan (1038388967)",1126011.17,1126011.17,0.00
"ASSET","Assets -> Investments -> Mutual Funds(Debt)","Axis Liquid Fund - Direct Plan - Growth Option (910177046125 / 0)",120000.00,120000.00,0.00
"ASSET","Assets -> Investments -> Mutual Funds(Debt)","Axis Liquid Fund - Direct Plan - Growth Option (91055257315)",100000.00,100000.00,0.00
"ASSET","Assets -> Investments -> Mutual Funds(Debt)","Bandhan Medium Duration Fund - Direct Plan - Growth (2232676/16)",799960.02,799960.02,0.00
"ASSET","Assets -> Investments -> Mutual Funds(Debt)","DSP Gilt Fund - Direct Plan - Growth (5537291 / 56)",300000.00,0.00,300000.00
"ASSET","Assets -> Investments -> Mutual Funds(Debt)","DSP Liquidity Fund - Direct Plan - Growth (5537291 / 56)",401412.53,401412.53,0.00
"ASSET","Assets -> Investments -> Mutual Funds(Debt)","DSP Liquidity Fund - Direct Plan - Growth (5537291/56)",810000.00,810000.00,0.00
"ASSET","Assets -> Investments -> Mutual Funds(Debt)","DSP Liquidity Fund - Direct Plan - Growth (5548050 / 80)",305053.38,305053.38,0.00
"ASSET","Assets -> Investments -> Mutual Funds(Debt)","DSP Multi Asset Allocation Fund - Direct - Growth (10331828/90)",75000.00,0.00,75000.00
"ASSET","Assets -> Investments -> Mutual Funds(Debt)","DSP Multi Asset Allocation Fund - Direct - Growth (10339800/36)",50000.00,0.00,50000.00
"ASSET","Assets -> Investments -> Mutual Funds(Debt)","Edelweiss Arbitrage Fund- Direct Plan- Growth Option (91027880641 / 0)",300000.00,278527.12,21472.88
"ASSET","Assets -> Investments -> Mutual Funds(Debt)","Franklin India Ultra Short Bond Fund - Super Institutional Plan Direct - Growth (22175495)",250000.00,250000.00,0.00
"ASSET","Assets -> Investments -> Mutual Funds(Debt)","HDFC Gilt Fund - Growth Option - Direct Plan (7620102 / 72)",150000.00,150000.00,0.00
"ASSET","Assets -> Investments -> Mutual Funds(Debt)","HDFC Hybrid Debt Fund -Direct Plan - Growth Option (7620102 / 72)",55000.00,55000.00,0.00
"ASSET","Assets -> Investments -> Mutual Funds(Debt)","HDFC Liquid Fund -Direct Plan - Growth Option (21787591/95)",700000.00,700000.00,0.00
"ASSET","Assets -> Investments -> Mutual Funds(Debt)","ICICI Prudential Liquid Fund - Direct Plan - Growth (8360155 / 49)",43760.94,43760.94,0.00
"ASSET","Assets -> Investments -> Mutual Funds(Debt)","ICICI Prudential Long Term Bond Fund - Direct Plan - Growth (10012637/79)",599970.00,599970.00,0.00
"ASSET","Assets -> Investments -> Mutual Funds(Debt)","ICICI Prudential Multi-Asset Fund - Direct Plan - Growth (38034478 / 91)",472000.00,0.00,472000.00
"ASSET","Assets -> Investments -> Mutual Funds(Debt)","ICICI Prudential Multi-Asset Fund - Direct Plan - Growth (39319480)",60000.00,0.00,60000.00
"ASSET","Assets -> Investments -> Mutual Funds(Debt)","ICICI Prudential Ultra Short Term Fund - Direct Plan - Growth (10012637 / 79)",750000.00,750000.00,0.00
"ASSET","Assets -> Investments -> Mutual Funds(Debt)","ICICI Prudential Ultra Short Term Fund - Direct Plan - Growth (8360155 / 49)",144486.21,144486.21,0.00
"ASSET","Assets -> Investments -> Mutual Funds(Debt)","Kotak Bond - Growth - Direct (6004580/33)",450000.00,450000.00,0.00
"ASSET","Assets -> Investments -> Mutual Funds(Debt)","Kotak Debt Hybrid - Growth - Direct (14214659 / 36)",375000.00,0.00,375000.00
"ASSET","Assets -> Investments -> Mutual Funds(Debt)","Kotak Debt Hybrid - Growth - Direct (14220612 / 25)",100000.00,0.00,100000.00
"ASSET","Assets -> Investments -> Mutual Funds(Debt)","Kotak Liquid - Growth - Direct (6004580 / 33)",100000.00,100000.00,0.00
"ASSET","Assets -> Investments -> Mutual Funds(Debt)","Mirae Asset Arbitrage Fund Direct Growth (79972502376)",500000.00,500000.00,0.00
"ASSET","Assets -> Investments -> Mutual Funds(Debt)","Nippon India Liquid Fund - Direct Plan Growth Plan - Growth Option (488207335026 / 0)",50000.00,50000.00,0.00
"ASSET","Assets -> Investments -> Mutual Funds(Debt)","Nippon India Liquid Fund - Direct Plan Growth Plan - Growth Option (499282417663 / 0)",400000.00,400000.00,-0.00
"ASSET","Assets -> Investments -> Mutual Funds(Debt)","Parag Parikh Conservative Hybrid Fund - Direct Plan - Growth (11553370)",275000.00,0.00,275000.00
"ASSET","Assets -> Investments -> Mutual Funds(Debt)","Quant Liquid Plan-Growth Option-Direct Plan (51019056414 / 0)",100000.00,100000.00,-0.00
"ASSET","Assets -> Investments -> Mutual Funds(Debt)","SBI Liquid Fund - DIRECT PLAN -Growth (33176140 / 0)",550000.00,549468.50,531.50
"ASSET","Assets -> Investments -> Mutual Funds(Debt)","Tata Liquid Fund- Direct Plan-Growth (10783908 / 07)",210000.00,208456.34,1543.66
"ASSET","Assets -> Investments -> Mutual Funds(Equity)","Axis ELSS Tax Saver Fund - Direct Plan - Growth Option (91022840686 / 0)",150000.00,150000.00,0.00
"ASSET","Assets -> Investments -> Mutual Funds(Equity)","Axis Midcap Fund - Direct Plan - Growth (91055257315)",15000.00,15000.00,0.00
"ASSET","Assets -> Investments -> Mutual Funds(Equity)","BANDHAN Arbitrage Fund-Direct Plan- Growth (6364315 / 50)",200000.00,200000.00,0.00
"ASSET","Assets -> Investments -> Mutual Funds(Equity)","BANDHAN ELSS Tax Saver Fund - Direct Plan - Growth (2232676 / 16)",150000.00,150000.00,0.00
"ASSET","Assets -> Investments -> Mutual Funds(Equity)","BANDHAN SMALL CAP FUND - DIRECT PLAN GROWTH (6341159 / 66)",35000.00,0.00,35000.00
"ASSET","Assets -> Investments -> Mutual Funds(Equity)","BANDHAN SMALL CAP FUND - DIRECT PLAN GROWTH (6364315 / 50)",240000.00,240000.00,0.00
"ASSET","Assets -> Investments -> Mutual Funds(Equity)","BANK OF INDIA Flexi Cap Fund Direct Plan -Growth (9109048562 / 0)",320000.00,320000.00,0.00
"ASSET","Assets -> Investments -> Mutual Funds(Equity)","CANARA ROBECO LARGE CAP FUND - DIRECT PLAN - GROWTH OPTION (19929909114)",14000.00,14003.00,-3.00
"ASSET","Assets -> Investments -> Mutual Funds(Equity)","DSP India T.I.G.E.R. Fund - Direct Plan - Growth (5537291 / 56)",90000.00,0.00,90000.00
"ASSET","Assets -> Investments -> Mutual Funds(Equity)","Edelweiss Nifty Midcap150 Momentum 50 Index Fund - Direct Plan - Growth (91027880641 / 0)",327000.00,0.00,327000.00
"ASSET","Assets -> Investments -> Mutual Funds(Equity)","Edelweiss Nifty Midcap150 Momentum 50 Index Fund - Direct Plan - Growth (91046232461 / 0)",75000.00,0.00,75000.00
"ASSET","Assets -> Investments -> Mutual Funds(Equity)","Edelweiss Nifty500 Multicap Momentum Quality 50 Index Fund - Direct - Growth (91027880641 / 0)",650000.00,388713.77,261286.23
"ASSET","Assets -> Investments -> Mutual Funds(Equity)","HDFC Balanced Advantage Fund -Direct Plan - Growth Option (21787591 / 95)",465000.00,0.00,465000.00
"ASSET","Assets -> Investments -> Mutual Funds(Equity)","HDFC Flexi Cap Fund -Direct Plan - Growth Option (21787591 / 95)",272500.00,272500.00,0.00
"ASSET","Assets -> Investments -> Mutual Funds(Equity)","HDFC Housing Opportunities Fund - Growth Option - Direct Plan (13069359 / 02)",125419.00,125000.00,419.00
"ASSET","Assets -> Investments -> Mutual Funds(Equity)","HDFC Small Cap Fund - Direct Growth Plan (13069359 / 02)",50000.00,50000.00,0.00
"ASSET","Assets -> Investments -> Mutual Funds(Equity)","ICICI Prudential Banking and Financial Services Fund - Direct Plan -  Growth (8360155 / 49)",86000.00,86000.00,0.00
"ASSET","Assets -> Investments -> Mutual Funds(Equity)","ICICI Prudential Equity & Debt Fund - Direct Plan - Growth (8360155 / 49)",274000.00,274000.00,0.00
"ASSET","Assets -> Investments -> Mutual Funds(Equity)","Invesco India Flexi Cap Fund - Direct Plan - Growth (31033176971 / 0)",250000.00,250000.00,0.00
"ASSET","Assets -> Investments -> Mutual Funds(Equity)","JM Flexicap Fund (Direct) - Growth Option (79915138162 / 0)",405999.98,405999.98,0.00
"ASSET","Assets -> Investments -> Mutual Funds(Equity)","Kotak Nifty Alpha 50 Index Fund - Direct Plan - Growth (18819101)",215000.00,0.00,215000.00
"ASSET","Assets -> Investments -> Mutual Funds(Equity)","Mirae Asset Large & Midcap Fund - Direct Plan - Growth (79918665556 / 0)",75000.00,75000.00,0.00
"ASSET","Assets -> Investments -> Mutual Funds(Equity)","Mirae Asset Large & Midcap Fund - Direct Plan - Growth (79918665556)",60000.00,60000.00,0.00
"ASSET","Assets -> Investments -> Mutual Funds(Equity)","Mirae Asset Nifty MidSmallcap400 Momentum Quality 100 ETF Fund of Fund - Direct Plan - Growth (79988087324 / 0)",215000.00,0.00,215000.00
"ASSET","Assets -> Investments -> Mutual Funds(Equity)","Motilal Oswal ELSS Tax Saver Fund - Direct Plan - Growth Option (9105363746 / 0)",75000.00,75000.00,0.00
"ASSET","Assets -> Investments -> Mutual Funds(Equity)","Motilal Oswal Flexi cap Fund Direct Plan-Growth Option (91049521142 / 0)",144000.00,0.00,144000.00
"ASSET","Assets -> Investments -> Mutual Funds(Equity)","Motilal Oswal Flexi cap Fund Direct Plan-Growth Option (9105363746 / 0)",208000.00,0.00,208000.00
"ASSET","Assets -> Investments -> Mutual Funds(Equity)","Motilal Oswal Midcap Fund-Direct Plan-Growth Option (91049521142 / 0)",495000.00,0.00,495000.00
"ASSET","Assets -> Investments -> Mutual Funds(Equity)","Motilal Oswal Nifty 500 Momentum 50 Index Fund-Direct Plan-Growth (91049521142 / 0)",530000.00,0.00,530000.00
"ASSET","Assets -> Investments -> Mutual Funds(Equity)","Motilal Oswal Nifty 500 Momentum 50 Index Fund-Direct Plan-Growth (9105363746 / 0)",106000.00,0.00,106000.00
"ASSET","Assets -> Investments -> Mutual Funds(Equity)","Nippon India Large Cap Fund - Direct Plan Growth Plan - Growth Option (499280680933 / 0)",25000.00,25000.00,0.00
"ASSET","Assets -> Investments -> Mutual Funds(Equity)","Nippon India Large Cap Fund - Direct Plan Growth Plan - Growth Option (499282417663 / 0)",133618.45,133618.45,0.00
"ASSET","Assets -> Investments -> Mutual Funds(Equity)","Nippon India Small Cap Fund - Direct Plan Growth Plan - Growth Option (488207335026)",20000.00,20000.00,0.00
"ASSET","Assets -> Investments -> Mutual Funds(Equity)","Nippon India Small Cap Fund - Direct Plan Growth Plan - Growth Option (499282417663 / 0)",210000.00,0.00,210000.00
"ASSET","Assets -> Investments -> Mutual Funds(Equity)","Parag Parikh Flexi Cap Fund - Direct Plan - Growth (10926853)",35000.00,0.00,35000.00
"ASSET","Assets -> Investments -> Mutual Funds(Equity)","Parag Parikh Flexi Cap Fund - Direct Plan - Growth (11553370)",160000.00,104197.44,55802.56
"ASSET","Assets -> Investments -> Mutual Funds(Equity)","Quant Infrastructure Fund - Growth Option-Direct Plan (51019056414 / 0)",48000.00,48000.00,0.00
"ASSET","Assets -> Investments -> Mutual Funds(Equity)","quant Large Cap Fund - Growth Option - Direct Plan (51019056414 / 0)",100000.00,100000.00,0.00
"ASSET","Assets -> Investments -> Mutual Funds(Equity)","quant Multi Cap Fund-Growth Option-Direct Plan (51019056414 / 0)",50000.00,50000.00,0.00
"ASSET","Assets -> Investments -> Mutual Funds(Equity)","quant Multi Cap Fund-Growth Option-Direct Plan (5107432726)",150000.00,150000.00,0.00
"ASSET","Assets -> Investments -> Mutual Funds(Equity)","quant PSU Fund - Growth Option - Direct Plan (51019056414 / 0)",2500.00,2500.00,0.00
"ASSET","Assets -> Investments -> Mutual Funds(Equity)","Quant Small Cap Fund-Growth Option-Direct Plan (51019056414 / 0)",218453.10,42839.68,175613.42
"ASSET","Assets -> Investments -> Mutual Funds(Equity)","SBI Contra Fund - Direct Plan - Growth (33176140)",145141.26,0.00,145141.26
"ASSET","Assets -> Investments -> Mutual Funds(Equity)","SBI Contra Fund - Regular Plan - Growth (7551598)",12000.00,0.00,12000.00
"ASSET","Assets -> Investments -> NCD/Debentures","364 D T Bill 22-Jun-2023 IN002022Z127",235324.25,235324.25,0.00
"ASSET","Assets -> Investments -> NCD/Debentures","T Bill 24/11/22",9606.25,9606.25,0.00
"ASSET","Assets -> Investments -> PPF/EPF","PPF SPS",2430693.32,1131630.16,1299063.16
"ASSET","Assets -> Investments -> Stocks","101556",5375.00,0.00,5375.00
"ASSET","Assets -> Investments -> Stocks","ACS Technologies",88900.00,0.00,88900.00
"ASSET","Assets -> Investments -> Stocks","Aegis Vopak Terminals",99848.05,99848.05,0.00
"ASSET","Assets -> Investments -> Stocks","Ahluwalia Contracts",6930.30,6930.30,0.00
"ASSET","Assets -> Investments -> Stocks","Ajmera Realty & Infra India",60324.00,60324.00,0.00
"ASSET","Assets -> Investments -> Stocks","Allcargo Logistics",58377.45,58377.45,0.00
"ASSET","Assets -> Investments -> Stocks","Arham Technologies",126000.00,126000.00,0.00
"ASSET","Assets -> Investments -> Stocks","Arisinfra Solutions",36179.00,36179.00,0.00
"ASSET","Assets -> Investments -> Stocks","Asian Paints",20749.17,20749.17,0.00
"ASSET","Assets -> Investments -> Stocks","AXIS Bank",21265.10,21265.10,0.00
"ASSET","Assets -> Investments -> Stocks","Bajaj Finance",6569.99,6569.99,0.00
"ASSET","Assets -> Investments -> Stocks","Bajaj Housing Finance",209720.00,209720.00,0.00
"ASSET","Assets -> Investments -> Stocks","Bank Of Baroda",30886.29,30886.29,-0.00
"ASSET","Assets -> Investments -> Stocks","Bank of India",2254.31,2254.31,0.00
"ASSET","Assets -> Investments -> Stocks","Bank of maharashtra",714.57,714.57,0.00
"ASSET","Assets -> Investments -> Stocks","Berger Paints",23380.99,23380.99,0.00
"ASSET","Assets -> Investments -> Stocks","Bhandari Hosiery Exports",3126642.44,0.00,3126642.44
"ASSET","Assets -> Investments -> Stocks","BHARAT 22 ETF - ICICI Prudential AMC",79972.90,79972.90,0.00
"ASSET","Assets -> Investments -> Stocks","Bharat Electronics",123180.75,54895.15,68285.60
"ASSET","Assets -> Investments -> Stocks","Bharat Heavy Electricals",73688.15,73688.15,0.00
"ASSET","Assets -> Investments -> Stocks","Bhilwara Technical Textiles",31200.00,0.00,31200.00
"ASSET","Assets -> Investments -> Stocks","Bondada Engineering",130000.00,130000.00,0.00
"ASSET","Assets -> Investments -> Stocks","Can Fin Homes",20142.00,20142.00,0.00
"ASSET","Assets -> Investments -> Stocks","Canara Bank",575616.44,182025.77,393590.67
"ASSET","Assets -> Investments -> Stocks","CARE Ratings",22805.80,22805.80,0.00
"ASSET","Assets -> Investments -> Stocks","Cemindia Projects",101000.00,101000.00,0.00
"ASSET","Assets -> Investments -> Stocks","CMS Info Systems",24449.35,24449.35,0.00
"ASSET","Assets -> Investments -> Stocks","Concord Biotech",56372.00,56372.00,0.00
"ASSET","Assets -> Investments -> Stocks","CPSE ETF",199998.43,199998.43,0.00
"ASSET","Assets -> Investments -> Stocks","Dr Lal Pathlabs",6445.17,6445.17,0.00
"ASSET","Assets -> Investments -> Stocks","Emami Limited",92350.00,92350.00,0.00
"ASSET","Assets -> Investments -> Stocks","Gail India",228411.75,228411.75,0.00
"ASSET","Assets -> Investments -> Stocks","Gateway Distriparks",58428.25,58428.25,0.00
"ASSET","Assets -> Investments -> Stocks","GIC Housing Finance",27375.80,27375.80,0.00
"ASSET","Assets -> Investments -> Stocks","GMM Pfaudler",104227.50,104227.50,0.00
"ASSET","Assets -> Investments -> Stocks","Greenply Industries",24558.60,24558.60,0.00
"ASSET","Assets -> Investments -> Stocks","H.G. Infra Engineering",58082.30,58082.30,-0.00
"ASSET","Assets -> Investments -> Stocks","HDFC Bank",151781.70,151780.85,0.85
"ASSET","Assets -> Investments -> Stocks","HDFC Life Insurance Company",20624.93,20624.93,0.00
"ASSET","Assets -> Investments -> Stocks","HDFC Limited",54159.27,54159.27,0.00
"ASSET","Assets -> Investments -> Stocks","Hindustan Construction Company",113409.83,82968.83,30441.00
"ASSET","Assets -> Investments -> Stocks","Hindustan Copper",64626.50,0.00,64626.50
"ASSET","Assets -> Investments -> Stocks","Hindustan Zinc",40708.75,0.00,40708.75
"ASSET","Assets -> Investments -> Stocks","Housing & Urban Development Corporation",17406.90,17406.90,-0.00
"ASSET","Assets -> Investments -> Stocks","ICICI Bank",21945.50,21945.50,0.00
"ASSET","Assets -> Investments -> Stocks","ICICI Lombard General Insurance Company",37520.00,37520.00,0.00
"ASSET","Assets -> Investments -> Stocks","ICICI Prudential Asset Management Company",207840.00,207840.00,0.00
"ASSET","Assets -> Investments -> Stocks","ICICI Prudential Life Insurance Company",5227.74,5227.74,0.00
"ASSET","Assets -> Investments -> Stocks","IDFC First Bank",179995.10,90396.10,89599.00
"ASSET","Assets -> Investments -> Stocks","Indian Oil Corporation",30972.50,30972.50,0.00
"ASSET","Assets -> Investments -> Stocks","Indian Railway Finance Corporation",80970.90,80970.90,0.00
"ASSET","Assets -> Investments -> Stocks","IndusInd Bank",28522.50,28522.50,-0.00
"ASSET","Assets -> Investments -> Stocks","Infosys",9651.50,9651.50,0.00
"ASSET","Assets -> Investments -> Stocks","Integra Essentia",6280.00,0.00,6280.00
"ASSET","Assets -> Investments -> Stocks","IRCON International",68483.35,68483.35,0.00
"ASSET","Assets -> Investments -> Stocks","Jaiprakash Power Ventures",63400.00,63400.00,0.00
"ASSET","Assets -> Investments -> Stocks","Jaykay Enterprises",65950.00,65950.00,0.00
"ASSET","Assets -> Investments -> Stocks","Jio Financial Services",411373.15,215740.50,195632.65
"ASSET","Assets -> Investments -> Stocks","John Cockerill India",74164.50,74164.50,0.00
"ASSET","Assets -> Investments -> Stocks","Kotak Mahindra Bank",55572.01,55572.01,0.00
"ASSET","Assets -> Investments -> Stocks","Kotak Nifty PSU Bank ETF",42943.83,42943.83,0.00
"ASSET","Assets -> Investments -> Stocks","Kotyark Industries",90470.00,90470.00,0.00
"ASSET","Assets -> Investments -> Stocks","L&T Finance",204582.50,204582.50,0.00
"ASSET","Assets -> Investments -> Stocks","Larsen & Toubro",84314.15,84314.15,0.00
"ASSET","Assets -> Investments -> Stocks","Laurus Labs",39552.50,39552.50,0.00
"ASSET","Assets -> Investments -> Stocks","LG Electronics India",207480.00,207480.00,0.00
"ASSET","Assets -> Investments -> Stocks","LIC Housing Finance",25763.25,25763.25,0.00
"ASSET","Assets -> Investments -> Stocks","Life Insurance Corporation of India (LIC)",314232.65,314232.65,0.00
"ASSET","Assets -> Investments -> Stocks","Metropolis Healthcare",14960.00,14960.00,0.00
"ASSET","Assets -> Investments -> Stocks","Mirae Asset Nifty Metal ETF",30460.00,0.00,30460.00
"ASSET","Assets -> Investments -> Stocks","Mirae Asset NYSE FANG+ ETF",3208.36,3208.36,-0.00
"ASSET","Assets -> Investments -> Stocks","Motilal Oswal MOSt Shares NASDAQ-100 ETF",3861.14,3861.14,0.00
"ASSET","Assets -> Investments -> Stocks","Mukand Limited",24913.00,24913.00,0.00
"ASSET","Assets -> Investments -> Stocks","Navneet Education",36041.70,36041.70,0.00
"ASSET","Assets -> Investments -> Stocks","Neogen Chemicals",13975.00,13975.00,0.00
"ASSET","Assets -> Investments -> Stocks","Nippon India ETF Gold BeES",156733.31,44646.16,112087.15
"ASSET","Assets -> Investments -> Stocks","Nippon India ETF Nifty 1D Rate Liquid BeES",386055.76,386055.76,0.00
"ASSET","Assets -> Investments -> Stocks","Nippon India ETF Nifty 50 BeES",4874.64,4874.64,0.00
"ASSET","Assets -> Investments -> Stocks","Nippon India ETF Nifty PSU Bank BeES",133800.90,133800.90,0.00
"ASSET","Assets -> Investments -> Stocks","Nippon India Silver ETF",250498.10,80734.40,169763.70
"ASSET","Assets -> Investments -> Stocks","OnMobile Global",123032.00,123032.00,0.00
"ASSET","Assets -> Investments -> Stocks","PNB Housing Finance",20628.00,20628.00,0.00
"ASSET","Assets -> Investments -> Stocks","Power Finance Corporation",23404.70,23404.70,-0.00
"ASSET","Assets -> Investments -> Stocks","Protean eGov Technologies",179641.75,179641.75,0.00
"ASSET","Assets -> Investments -> Stocks","PTC India",28610.75,28610.75,0.00
"ASSET","Assets -> Investments -> Stocks","PTC India Financial Services",26203.90,26203.90,0.00
"ASSET","Assets -> Investments -> Stocks","Punjab National Bank",4297.58,4297.58,0.00
"ASSET","Assets -> Investments -> Stocks","Quess Corp",7347.20,7347.20,0.00
"ASSET","Assets -> Investments -> Stocks","Rail Vikas Nigam",67248.70,67248.70,0.00
"ASSET","Assets -> Investments -> Stocks","RailTel Corporation of India",65626.60,65626.60,0.00
"ASSET","Assets -> Investments -> Stocks","RBL Bank",32698.20,32698.20,0.00
"ASSET","Assets -> Investments -> Stocks","REC Ltd",28491.95,28491.95,0.00
"ASSET","Assets -> Investments -> Stocks","Reliance Industries",74210.50,0.00,74210.50
"ASSET","Assets -> Investments -> Stocks","Reliance Infrastructure",154783.00,154783.00,0.00
"ASSET","Assets -> Investments -> Stocks","Repco Home Finance",20314.90,20314.90,0.00
"ASSET","Assets -> Investments -> Stocks","Rites Ltd",74591.55,74591.55,-0.00
"ASSET","Assets -> Investments -> Stocks","Sadhana Nitrochem",24885.00,24885.00,0.00
"ASSET","Assets -> Investments -> Stocks","Sammaan Capital",102687.50,102687.50,0.00
"ASSET","Assets -> Investments -> Stocks","Sanghvi Movers",6349.20,6349.20,0.00
"ASSET","Assets -> Investments -> Stocks","SBI-ETF Nifty 50",48146.61,48146.61,0.00
"ASSET","Assets -> Investments -> Stocks","Shakti Pumps",136575.00,136575.00,0.00
"ASSET","Assets -> Investments -> Stocks","Skipper",108362.00,0.00,108362.00
"ASSET","Assets -> Investments -> Stocks","State Bank Of India",94368.29,94368.29,-0.00
"ASSET","Assets -> Investments -> Stocks","Tarc",19405.00,0.00,19405.00
"ASSET","Assets -> Investments -> Stocks","Tata Investment Corporation",24260.00,4110.50,20149.50
"ASSET","Assets -> Investments -> Stocks","Tata Power Company",31986.00,31986.00,0.00
"ASSET","Assets -> Investments -> Stocks","The Ramco Cements",39512.50,39512.50,0.00
"ASSET","Assets -> Investments -> Stocks","Titan Company",7609.85,7609.85,0.00
"ASSET","Assets -> Investments -> Stocks","Tourism Finance Corporation",36375.00,36375.00,0.00
"ASSET","Assets -> Investments -> Stocks","Transport Corporation of India",58301.10,58301.10,0.00
"ASSET","Assets -> Investments -> Stocks","UltraTech Cement",104656.35,0.00,104656.35
"ASSET","Assets -> Investments -> Stocks","Unimech Aerospace and Manufacturing",125498.15,125498.15,0.00
"ASSET","Assets -> Investments -> Stocks","Union Bank of India",29052.78,29052.78,0.00
"ASSET","Assets -> Investments -> Stocks","Vaibhav Global",43275.00,43275.00,0.00
"ASSET","Assets -> Investments -> Stocks","Vascon Engineers",139337.00,139337.00,0.00
"ASSET","Assets -> Investments -> Stocks","Vodafone Idea",24834.00,0.00,24834.00
"ASSET","Assets -> Investments -> Stocks","Wardwizard Innovations & Mobility",10980.00,10980.00,0.00
"ASSET","Assets -> Investments -> Stocks","Wendt India",92785.00,92785.00,0.00
"ASSET","Assets -> Investments -> Stocks","Wipro Limited",13126.25,13126.25,0.00
"ASSET","Assets -> Investments -> Traded Bonds","G-Sec 6.10% GS 2031 (ISIN IN0020210095)",47724.44,0.00,47724.44
"ASSET","Assets -> Investments -> Traded Bonds","G-Sec 6.67% GS 2035 (ISIN IN0020210152)",286500.00,0.00,286500.00
"ASSET","Assets -> Investments -> Traded Bonds","G-Sec 6.67% GS 2050 (ISIN IN0020200252)",93951.23,0.00,93951.23
"ASSET","Assets -> Investments -> Traded Bonds","G-Sec 7.30% GS 2053 (ISIN IN0020230051)",998000.00,0.00,998000.00
"ASSET","Assets -> Investments -> Traded Bonds","G-Sec 7.36% GS 2052 (ISIN IN0020220086)",1013800.00,0.00,1013800.00
"ASSET","Assets -> Investments -> Traded Bonds","G-Sec 7.54% GS 2036 (ISIN IN0020220029)",1091183.96,0.00,1091183.96
"ASSET","Assets -> Investments -> Traded Bonds","Housing & Urban Development Corporation NCD 7.64% 08/02/2031 (ISIN INE031A07AO5)",893336.74,893336.74,0.00
"ASSET","Assets -> Investments -> Traded Bonds","Housing & Urban Development Corporation NCD 7.69% 15/03/2031 (ISIN INE031A07AT4)",251291.41,251291.41,0.00
"ASSET","Assets -> Investments -> Traded Bonds","Housing & Urban Development Corporation NCD 9.01% 13/01/2034 (ISIN INE031A07AB2)",100771.92,100771.92,0.00
"ASSET","Assets -> Investments -> Traded Bonds","Housing & Urban Development Corporation NCD N5 7.51% 16/02/2028 (ISIN INE031A07865)",478066.16,478066.16,-0.00
"ASSET","Assets -> Investments -> Traded Bonds","IDFC Bank NCD NC 21/03/2022 (ISIN INE092T08CN3)",66416.30,66416.30,0.00
"ASSET","Assets -> Investments -> Traded Bonds","IFCI NCD NG 01/12/2021 (ISIN INE039A07793)",98013.10,98013.10,0.00
"ASSET","Assets -> Investments -> Traded Bonds","Indian Railway Finance Corporation NCD N9 8.48% 18/02/2024 (ISIN INE053F07678)",222934.95,222934.95,0.00
"ASSET","Assets -> Investments -> Traded Bonds","Indian Railway Finance Corporation NCD NJ 7.53% 21/12/2030 (ISIN INE053F07835)",938503.16,938503.16,0.00
"ASSET","Assets -> Investments -> Traded Bonds","Indian Railway Finance Corporation NCD NO 7.64% 22/03/2031 (ISIN INE053F07900)",190968.58,190968.58,-0.00
"ASSET","Assets -> Investments -> Traded Bonds","Muthoot Finance NCD 19/04/2023 (ISIN INE414G07CR9)",30534.09,30534.09,0.00
"ASSET","Assets -> Investments -> Traded Bonds","Muthoot Finance NCD 9% 19/04/2023 (ISIN INE414G07CN8)",200268.09,200268.09,0.00
"ASSET","Assets -> Investments -> Traded Bonds","National Bank for Agriculture & Rural Development NCD 7.64% 23/03/2031 (ISIN INE261F07032)",1869136.32,1869136.32,0.00
"ASSET","Assets -> Investments -> Traded Bonds","National Highway Authority of India BONDS N2 8.3% 25/01/2027 (ISIN INE906B07CB9)",1771887.14,1771887.14,0.00
"ASSET","Assets -> Investments -> Traded Bonds","National Highway Authority of India NCD N6 8.75% 05/02/2029 (ISIN INE906B07DF8)",448956.50,448956.50,0.00
"ASSET","Assets -> Investments -> Traded Bonds","National Highway Authority of India NCD NA 7.6% 11/01/2031 (ISIN INE906B07EJ8)",300653.09,300653.09,0.00
"ASSET","Assets -> Investments -> Traded Bonds","National Highways Authority of India NCD NE 7.69% 09/03/2031 (ISIN INE906B07EP5)",1018314.40,1018314.40,0.00
"ASSET","Assets -> Investments -> Traded Bonds","NTPC NCD N7 8.49% 25/03/2025 (ISIN INE733E07JP6)",54608.59,54608.59,-0.00
"ASSET","Assets -> Investments -> Traded Bonds","Power Finance Corporation NCD 8.79% 16/11/2028 (ISIN INE134E07448)",24928.84,24928.84,0.00
"ASSET","Assets -> Investments -> Traded Bonds","Rural Electrification Corporation BONDS 7.93% 27/03/2022 (ISIN INE020B07GG9)",105271.31,105271.31,0.00
"ASSET","Assets -> Investments -> Traded Bonds","Rural Electrification Corporation BONDS 8.12% 27/03/2027 (ISIN INE020B07GH7)",704773.15,704773.15,0.00
"ASSET","Assets -> Investments -> Traded Bonds","Rural Electrification Corporation NCD N9 8.71% 24/09/2028 (ISIN INE020B07HS2)",939435.87,939435.87,-0.00
"ASSET","Assets -> Investments -> Traded Bonds","Shriram Transport Finance Company NCD YL 9.4% 12/07/2028 (ISIN INE721A07NX5)",130000.00,130000.00,0.00
"ASSET","Assets -> Investments -> Traded Bonds","Shriram Transport Finance Company NCD YN 12/07/2023 (ISIN INE721A07NZ0)",70000.00,70000.00,0.00
"ASSET","Assets -> Investments -> Traded Bonds","Sovereign Gold Bond 2.50% AUG 2028 SR-V 2020-21 (IN0020200161)",72917.85,0.00,72917.85
"ASSET","Assets -> Investments -> Traded Bonds","Sovereign Gold Bond 2.50% DEC 2029 SR-VIII 2021-22 (IN0020210228)",168164.95,0.00,168164.95
"ASSET","Assets -> Investments -> Traded Bonds","Sovereign Gold Bond 2.50% JAN 2029 SR-X 2020-21 (IN0020200385)",28159.00,0.00,28159.00
"ASSET","Assets -> Investments -> Traded Bonds","Sovereign Gold Bond 2.50% JUL 2029 SR-IV 2021-22 (IN0020210111)",95757.00,0.00,95757.00
"ASSET","Assets -> Investments -> Traded Bonds","Sovereign Gold Bond 2.50% JUN 2029 SR-II 2021-22 (IN0020210061)",11259.10,0.00,11259.10
"ASSET","Assets -> Investments -> Traded Bonds","Sovereign Gold Bond 2.50% JUNE 2029 SR-III 2021-22 (IN0020210087)",56359.00,0.00,56359.00
"ASSET","Assets -> Investments -> Traded Bonds","Sovereign Gold Bond 2.50% MAY 2029 SR-I 2021-22 (IN0020210053)",58449.00,0.00,58449.00
"ASSET","Assets -> Investments -> Traded Bonds","Sovereign Gold Bond 2.50% NOV 2029 SR-VII 2021-22 (IN0020210178)",83858.85,0.00,83858.85
"LIABILITY","Liabilities","Arjin Shah",310000.00,310000.00,0.00
"LIABILITY","Liabilities","Krisha Shah",3041600.00,3041600.00,0.00
"LIABILITY","Liabilities","Pramesh Shah",6459518.00,6459518.00,0.00
"LIABILITY","Liabilities","Pramesh Shah HUF",1665000.00,1665000.00,0.00
"LIABILITY","Liabilities","Saahil Shah HUF",634000.00,634000.00,0.00
"LIABILITY","Liabilities","Unnati Shah",5895676.00,5895676.00,0.00
"LIABILITY","Liabilities -> Capital Account","Capital Account",3933758.60,17696391.68,13762633.08
"LIABILITY","Liabilities -> Current Liabilities -> Sundry Creditors","Direct",3580607.38,3580606.78,-0.60
"LIABILITY","Liabilities -> Current Liabilities -> Sundry Creditors","R K Global",4952215.96,4952033.96,-182.00
"LIABILITY","Liabilities -> Current Liabilities -> Sundry Creditors","RKSV",7246354.92,7246354.92,0.00
"LIABILITY","Liabilities -> Current Liabilities -> Sundry Creditors","Zerodha",16420745.58,19487465.66,3066720.08
"LIABILITY","Liabilities -> Profit & Loss -> Expenses","Bank Charges",6110.36,6110.36,-0.00
"LIABILITY","Liabilities -> Profit & Loss -> Expenses","Donation and Charity",30500.00,30500.00,0.00
"LIABILITY","Liabilities -> Profit & Loss -> Expenses","DP and other expenses Broker",12355.49,12355.49,-0.00
"LIABILITY","Liabilities -> Profit & Loss -> Expenses","Household Expense",1765246.02,1320829.39,-444416.63
"LIABILITY","Liabilities -> Profit & Loss -> Expenses","Income Tax",959770.00,760400.00,-199370.00
"LIABILITY","Liabilities -> Profit & Loss -> Expenses","Insurance Premium",83292.63,0.00,-83292.63
"LIABILITY","Liabilities -> Profit & Loss -> Expenses","Mediclaim",41267.00,41267.00,0.00
"LIABILITY","Liabilities -> Profit & Loss -> Expenses","Telephone Expense",1949.00,1949.00,0.00
"LIABILITY","Liabilities -> Profit & Loss -> Expenses","Travel Expense",3700.00,3700.00,0.00
"LIABILITY","Liabilities -> Profit & Loss -> Expenses -> Share Transaction Charges","Brokerage",85.00,0.00,-85.00
"LIABILITY","Liabilities -> Profit & Loss -> Expenses -> Share Transaction Charges","Other Trade Charges",62.00,0.00,-62.00
"LIABILITY","Liabilities -> Profit & Loss -> Expenses -> Share Transaction Charges","Trans. Charges - Equity",2270.11,1799.70,-470.41
"LIABILITY","Liabilities -> Profit & Loss -> Expenses -> Share Transaction Charges","Transaction Charges",1.00,0.00,-1.00
"LIABILITY","Liabilities -> Profit & Loss -> Expenses -> STT","STT",26.00,0.00,-26.00
"LIABILITY","Liabilities -> Profit & Loss -> Expenses -> STT","STT - Equity",12926.00,10575.00,-2351.00
"LIABILITY","Liabilities -> Profit & Loss -> Expenses -> STT","STT - F & O",1.00,1.00,0.00
"LIABILITY","Liabilities -> Profit & Loss -> Expenses -> STT","STT - MFs",36.38,20.43,-15.95
"LIABILITY","Liabilities -> Profit & Loss -> Expenses -> Tax & Charges - Stocks","GST on Charges",1.00,0.00,-1.00
"LIABILITY","Liabilities -> Profit & Loss -> Income","Brokerage Income",1193079.47,1488887.61,295808.14
"LIABILITY","Liabilities -> Profit & Loss -> Income","Dividend",33602.55,20240591.35,20206988.80
"LIABILITY","Liabilities -> Profit & Loss -> Income","F & O Trading Gain/Loss",1198017.37,1198017.37,0.00
"LIABILITY","Liabilities -> Profit & Loss -> Income","Gift",384091.00,429091.00,45000.00
"LIABILITY","Liabilities -> Profit & Loss -> Income","INCOME FROM CREATIVE PRINTERS",5181675.25,5181675.25,0.00
"LIABILITY","Liabilities -> Profit & Loss -> Income","Interest on FD",28179.00,28179.00,0.00
"LIABILITY","Liabilities -> Profit & Loss -> Income","Interest on Investment",668638.69,946561.77,277923.08
"LIABILITY","Liabilities -> Profit & Loss -> Income","Interest On Saving Account",228651.90,246875.90,18224.00
"LIABILITY","Liabilities -> Profit & Loss -> Income","Interest Tax Free",918941.16,1005028.16,86087.00
"LIABILITY","Liabilities -> Profit & Loss -> Income","Misc. Gain/Loss",1.00,1.00,0.00
"LIABILITY","Liabilities -> Profit & Loss -> Income","Other Income",16790.00,16790.00,0.00
"LIABILITY","Liabilities -> Profit & Loss -> Income -> Capital Gains","Intra-day/Trading Profit/Loss",18314.26,18314.26,0.00
"LIABILITY","Liabilities -> Profit & Loss -> Income -> Capital Gains","Long Term Gain (Bonds)",342715.43,342715.43,0.00
"LIABILITY","Liabilities -> Profit & Loss -> Income -> Capital Gains","Long Term Gain (Debt)",41494.77,41494.77,0.00
"LIABILITY","Liabilities -> Profit & Loss -> Income -> Capital Gains","Long Term Gain (Equity)",1030573.75,1153215.50,122641.75
"LIABILITY","Liabilities -> Profit & Loss -> Income -> Capital Gains","Short Term Gain (Bonds)",110942.80,110942.80,0.00
"LIABILITY","Liabilities -> Profit & Loss -> Income -> Capital Gains","Short Term Gain (Debt)",319954.67,374514.12,54559.45
"LIABILITY","Liabilities -> Profit & Loss -> Income -> Capital Gains","Short Term Gain (Equity)",1156948.27,1286498.06,129549.79
